"last_name, first_name","player_id","team_name_alt","pitch_type","pitch_name","run_value_per_100","run_value","pitches","pitch_usage","pa","ba","slg","woba","whiff_percent","k_percent","put_away","est_ba","est_slg","est_woba","hard_hit_percent"
"Peralta, Freddy",642547,"MIL","FF","4-Seam Fastball",0.4,3,"745",59.9,"191","0.215","0.387","0.322",23.4,20.9,17.3,"0.257","0.467","0.361",39.2
"Soriano, José",667755,"LAA","SI","Sinker",-0.2,-1,"554",50.2,"172","0.313","0.382","0.366",15,5.8,12.3,"0.303","0.423","0.374",52.2
"Ryan, Joe",657746,"MIN","FF","4-Seam Fastball",1.8,11,"602",55.8,"163","0.182","0.338","0.247",28.4,32.5,26.1,"0.187","0.415","0.277",42.6
"Parker, Mitchell",680730,"WSH","FF","4-Seam Fastball",1.1,6,"573",54.8,"156","0.198","0.31","0.295",11.7,7.1,8.4,"0.268","0.46","0.374",52.1
"Francis, Bowden",670102,"TOR","FF","4-Seam Fastball",-0.3,-2,"567",58,"156","0.266","0.462","0.34",15.6,16.7,16.8,"0.276","0.451","0.342",51.3
"Pallante, Andre",669467,"STL","FF","4-Seam Fastball",0.2,1,"518",49.3,"154","0.286","0.521","0.383",15.3,9.7,14,"0.313","0.548","0.393",51.6
"Gausman, Kevin",592332,"TOR","FF","4-Seam Fastball",1.1,7,"600",53.6,"153","0.246","0.415","0.308",19.8,20.3,16.8,"0.271","0.503","0.35",45.5
"Ray, Robbie",592662,"SF","FF","4-Seam Fastball",1.5,8,"568",50.7,"152","0.183","0.29","0.266",22.5,28.9,24.7,"0.191","0.334","0.282",41.6
"Kochanowicz, Jack",686799,"LAA","SI","Sinker",-0.4,-2,"487",47.6,"151","0.292","0.431","0.365",15.1,7.9,11.5,"0.285","0.413","0.356",50.4
"Gallen, Zac",668678,"AZ","FF","4-Seam Fastball",-0.3,-2,"571",46.3,"146","0.248","0.434","0.336",14.9,16.4,16.3,"0.272","0.498","0.367",49.1
"Senzatela, Antonio",622608,"COL","FF","4-Seam Fastball",-1.4,-8,"551",52.9,"146","0.385","0.531","0.445",10.3,8.2,8.8,"0.344","0.526","0.409",52.1
"Greene, Hunter",668881,"CIN","FF","4-Seam Fastball",1.6,9,"561",57.4,"145","0.222","0.363","0.279",21.3,26.2,17.7,"0.23","0.415","0.299",49
"Sánchez, Cristopher",650911,"PHI","SI","Sinker",-0.2,-1,"517",48.9,"145","0.299","0.402","0.376",13.8,15.2,23.2,"0.27","0.403","0.34",50.5
"Cease, Dylan",656302,"SD","SL","Slider",1.2,7,"551",49.7,"143","0.192","0.331","0.276",42.3,37.8,25.2,"0.2","0.355","0.275",35.1
"Sale, Chris",519242,"ATL","SL","Slider",2,11,"562",48.3,"142","0.158","0.248","0.204",41.9,44.4,26.7,"0.163","0.262","0.211",19.7
"Fried, Max",608331,"NYY","FF","4-Seam Fastball",2.6,12,"474",42,"142","0.16","0.26","0.236",19.9,23.2,20.4,"0.245","0.398","0.304",41.4
"Bradley, Taj",671737,"TB","FF","4-Seam Fastball",-0.5,-2,"477",44.2,"133","0.265","0.504","0.389",16.9,13.5,16.5,"0.26","0.412","0.349",37.9
"Valdez, Framber",664285,"HOU","SI","Sinker",1.8,9,"517",46.9,"133","0.244","0.336","0.288",10.4,6.8,15.5,"0.309","0.448","0.359",46
"Paddack, Chris",663978,"MIN","FF","4-Seam Fastball",1.4,8,"534",49.9,"130","0.226","0.296","0.271",18.1,18.5,12.8,"0.265","0.429","0.325",51.6
"Brown, Ben",676962,"CHC","FF","4-Seam Fastball",-0.2,-1,"567",58,"130","0.304","0.452","0.38",18.4,16.9,17.2,"0.291","0.556","0.397",46.2
"Castillo, Luis",622491,"SEA","FF","4-Seam Fastball",1.2,6,"522",45.6,"130","0.193","0.325","0.275",25.2,24.6,17.2,"0.207","0.418","0.312",47
"Patrick, Chad",694477,"MIL","FC","Cutter",1.6,8,"485",46.1,"129","0.231","0.333","0.272",23.6,23.3,19.6,"0.24","0.38","0.293",40
"deGrom, Jacob",594798,"TEX","FF","4-Seam Fastball",0.8,4,"481",46.9,"126","0.217","0.426","0.304",24,24.6,21.1,"0.232","0.413","0.305",43.5
"Kikuchi, Yusei",579328,"LAA","SL","Slider",0.1,1,"465",38,"125","0.255","0.418","0.377",20.7,17.6,19,"0.284","0.543","0.422",41
"Williams, Trevor",592866,"WSH","FF","4-Seam Fastball",-0.9,-4,"406",38.9,"125","0.333","0.518","0.393",12.5,15.2,15.3,"0.302","0.469","0.36",50
"Williams, Gavin",668909,"CLE","FF","4-Seam Fastball",-1.7,-9,"522",46.9,"124","0.314","0.552","0.427",24.1,16.1,14.8,"0.322","0.584","0.432",48.2
"Webb, Logan",657277,"SF","SI","Sinker",1.5,7,"471",37.6,"124","0.27","0.374","0.318",11.5,18.5,27.1,"0.284","0.418","0.331",45.7
"Hicks, Jordan",663855,"SF","SI","Sinker",-1.1,-5,"441",53.5,"124","0.321","0.472","0.403",9,11.3,18.9,"0.313","0.429","0.371",50.5
"Bassitt, Chris",605135,"TOR","SI","Sinker",0.3,1,"470",41.9,"123","0.292","0.416","0.361",14.4,17.1,19.8,"0.284","0.447","0.344",46.7
"Pivetta, Nick",601713,"SD","FF","4-Seam Fastball",1.8,8,"460",48,"122","0.191","0.327","0.268",27.4,32,28.5,"0.247","0.474","0.343",56.3
"Anderson, Tyler",542881,"LAA","FF","4-Seam Fastball",1.4,6,"448",39.7,"122","0.214","0.393","0.31",15.3,12.3,11.5,"0.26","0.534","0.362",43.9
"Meyer, Max",676974,"MIA","SL","Slider",0.5,2,"365",35.1,"122","0.209","0.382","0.284",42.4,41.8,32.3,"0.225","0.39","0.309",55.7
"Singer, Brady",663903,"CIN","SI","Sinker",-0.7,-3,"457",42,"122","0.253","0.475","0.373",16,20.5,18.7,"0.24","0.441","0.36",53.9
"Flaherty, Jack",656427,"DET","FF","4-Seam Fastball",-0.1,-1,"492",44.3,"121","0.255","0.5","0.362",13.8,19.8,16.6,"0.293","0.573","0.389",46
"Brown, Ben",676962,"CHC","CU","Curveball",-0.4,-2,"379",38.8,"121","0.254","0.368","0.289",41.5,38.8,28,"0.222","0.321","0.256",44.1
"Gore, MacKenzie",669022,"WSH","FF","4-Seam Fastball",0.1,0,"587",49.7,"121","0.311","0.472","0.369",22.7,19,15.8,"0.307","0.519","0.386",45.3
"Pepiot, Ryan",686752,"TB","FF","4-Seam Fastball",0,0,"473",43.7,"121","0.269","0.51","0.375",20.1,23.1,20.1,"0.267","0.493","0.379",53.2
"Burnes, Corbin",669203,"AZ","FC","Cutter",0.3,2,"554",54.9,"121","0.257","0.446","0.367",21.7,14,14.9,"0.266","0.415","0.354",43.5
"Bubic, Kris",663460,"KC","FF","4-Seam Fastball",1,4,"429",38.9,"119","0.22","0.339","0.287",31.3,30.3,27.9,"0.219","0.376","0.29",34.2
"Mahle, Tyler",641816,"TEX","FF","4-Seam Fastball",1.2,7,"571",49.9,"119","0.173","0.25","0.248",24.5,25.2,15.1,"0.236","0.38","0.317",50
"Crochet, Garrett",676979,"BOS","FF","4-Seam Fastball",-0.3,-1,"556",42.9,"119","0.25","0.442","0.361",30.7,31.1,23.7,"0.212","0.407","0.317",43.3
"Heaney, Andrew",571760,"PIT","FF","4-Seam Fastball",1,5,"485",45.7,"118","0.204","0.388","0.32",20.5,19.5,14.2,"0.249","0.444","0.359",56.6
"Holmes, Clay",605280,"NYM","SI","Sinker",1.2,5,"398",37.4,"117","0.268","0.412","0.348",13.7,10.3,19.7,"0.291","0.48","0.389",54.5
"Falter, Bailey",663559,"PIT","FF","4-Seam Fastball",1.4,6,"418",42.6,"115","0.214","0.337","0.29",15.3,16.5,15.7,"0.231","0.369","0.306",46.3
"Roupp, Landen",694738,"SF","SI","Sinker",-0.5,-2,"401",39.2,"114","0.35","0.456","0.402",8.9,13.2,22.7,"0.293","0.401","0.338",40.9
"Sears, JP",676664,"ATH","FF","4-Seam Fastball",-1.3,-6,"431",39.9,"113","0.333","0.593","0.415",13.8,17.7,12.2,"0.339","0.649","0.429",59.1
"Fedde, Erick",607200,"STL","SI","Sinker",1,4,"410",38.7,"113","0.248","0.366","0.319",11,14.2,17.6,"0.304","0.452","0.365",52.9
"deGrom, Jacob",594798,"TEX","SL","Slider",1.7,7,"401",39.1,"113","0.189","0.292","0.24",36.4,26.5,23.3,"0.222","0.353","0.274",36.8
"Rodón, Carlos",607074,"NYY","SL","Slider",2.7,10,"355",28,"113","0.098","0.176","0.181",44.7,47.8,31.8,"0.159","0.254","0.228",35.4
"May, Dustin",669160,"LAD","SI","Sinker",-0.1,0,"384",39.7,"112","0.265","0.49","0.375",11.3,9.8,22.4,"0.334","0.596","0.433",55.2
"Crochet, Garrett",676979,"BOS","FC","Cutter",2.3,9,"379",29.2,"112","0.206","0.28","0.238",26.5,23.2,24.5,"0.245","0.392","0.295",30.5
"Rea, Colin",607067,"CHC","FF","4-Seam Fastball",0.3,1,"414",48.7,"111","0.297","0.465","0.354",15.6,18.9,21.4,"0.27","0.484","0.349",48.2
"Sale, Chris",519242,"ATL","FF","4-Seam Fastball",-0.9,-4,"486",41.8,"111","0.344","0.548","0.426",22.1,16.2,15,"0.3","0.48","0.383",42.9
"Megill, Tylor",656731,"NYM","FF","4-Seam Fastball",0.4,2,"461",43.1,"111","0.234","0.404","0.332",27.2,35.1,27.1,"0.233","0.41","0.348",46.4
"Valdez, Framber",664285,"HOU","CU","Curveball",0.6,2,"346",31.4,"110","0.189","0.263","0.265",43.3,41.8,30.7,"0.182","0.249","0.256",44.9
"Skenes, Paul",694973,"PIT","FF","4-Seam Fastball",1.3,6,"448",34.9,"109","0.208","0.347","0.278",25.6,27.5,21.1,"0.214","0.388","0.287",49.3
"Irvin, Jake",663623,"WSH","CU","Curveball",0.5,2,"408",37.3,"107","0.21","0.39","0.314",23.3,23.4,18.5,"0.257","0.47","0.334",41.3
"Roupp, Landen",694738,"SF","CU","Curveball",0.2,1,"402",39.3,"107","0.17","0.34","0.265",41.1,34.6,27.8,"0.174","0.303","0.251",15
"Verlander, Justin",434378,"SF","FF","4-Seam Fastball",-0.6,-2,"425",49.5,"107","0.253","0.516","0.382",21,16.8,16.7,"0.314","0.612","0.425",42.9
"Smith, Shane",681343,"CWS","FF","4-Seam Fastball",1.8,8,"432",43.4,"107","0.187","0.275","0.277",26.5,23.4,22.5,"0.233","0.374","0.326",33.3
"Luzardo, Jesús",666200,"PHI","FF","4-Seam Fastball",-1,-4,"402",34.8,"106","0.33","0.495","0.385",17.8,17.9,17,"0.322","0.524","0.389",52.6
"Woo, Bryan",693433,"SEA","FF","4-Seam Fastball",1.2,5,"417",42,"106","0.184","0.367","0.254",29.6,28.3,22.4,"0.205","0.39","0.279",35.7
"Gausman, Kevin",592332,"TOR","FS","Split-Finger",1.6,7,"424",37.9,"106","0.158","0.238","0.184",36.2,34,20.2,"0.181","0.271","0.207",23.9
"Holmes, Grant",656550,"ATL","SL","Slider",1.9,6,"337",32.2,"105","0.144","0.227","0.201",37.4,31.4,25.4,"0.22","0.381","0.288",43.8
"Ober, Bailey",641927,"MIN","FF","4-Seam Fastball",1.2,5,"385",37.9,"105","0.25","0.354","0.304",17.8,12.4,11.6,"0.278","0.497","0.35",41.2
"Wheeler, Zack",554430,"PHI","FF","4-Seam Fastball",2.3,11,"496",41.6,"105","0.151","0.247","0.231",31.4,36.2,26.4,"0.167","0.255","0.239",40
"Rodón, Carlos",607074,"NYY","FF","4-Seam Fastball",1.3,7,"521",41.1,"105","0.2","0.389","0.296",23.4,21.9,18.5,"0.225","0.452","0.32",46.6
"López, Pablo",641154,"MIN","FF","4-Seam Fastball",1.5,6,"430",42.7,"105","0.268","0.351","0.311",22.4,19,16.8,"0.295","0.422","0.338",42.9
"Boyd, Matthew",571510,"CHC","FF","4-Seam Fastball",0.6,3,"477",47.1,"104","0.302","0.458","0.343",18,21.2,18,"0.285","0.459","0.343",48.7
"Nelson, Ryne",669194,"AZ","FF","4-Seam Fastball",2.4,9,"392",58.8,"104","0.188","0.292","0.244",15.6,22.1,18.7,"0.263","0.377","0.307",41.1
"Burke, Sean",680732,"CWS","FF","4-Seam Fastball",0.2,1,"415",40.8,"104","0.195","0.305","0.317",24.7,25,18.6,"0.183","0.369","0.329",36.8
"Anderson, Tyler",542881,"LAA","CH","Changeup",-0.6,-2,"376",33.3,"103","0.228","0.413","0.318",40.9,30.1,22.3,"0.211","0.359","0.29",21.3
"Baz, Shane",669358,"TB","FF","4-Seam Fastball",-0.1,0,"469",47.1,"101","0.277","0.446","0.38",18.7,17.8,16.5,"0.272","0.478","0.386",46.2
"Springs, Jeffrey",605488,"ATH","FF","4-Seam Fastball",-1.6,-7,"446",42.2,"101","0.276","0.54","0.372",16.9,19.8,16.9,"0.261","0.5","0.365",38.6
"Keller, Mitch",656605,"PIT","FF","4-Seam Fastball",0.9,4,"377",33.9,"100","0.247","0.382","0.318",16.2,19,18.4,"0.308","0.467","0.372",37.1
"Dollander, Chase",801403,"COL","FF","4-Seam Fastball",-1.6,-6,"401",54,"100","0.253","0.595","0.434",22.4,16,16.3,"0.286","0.652","0.45",52.3
"Severino, Luis",622663,"ATH","SI","Sinker",1.6,4,"290",23.1,"100","0.233","0.367","0.304",9.9,13,17.3,"0.281","0.408","0.33",39.7
"Cease, Dylan",656302,"SD","FF","4-Seam Fastball",-1.1,-4,"405",36.6,"100","0.303","0.528","0.378",21.8,20,17.7,"0.283","0.506","0.361",45.1
"May, Dustin",669160,"LAD","ST","Sweeper",0.8,3,"393",40.6,"100","0.221","0.316","0.268",30.4,39,29.5,"0.217","0.338","0.261",30.4
"Littell, Zack",641793,"TB","SL","Slider",-1.2,-4,"346",32.7,"99","0.33","0.591","0.412",18.2,10.1,16.7,"0.357","0.674","0.457",51.2
"Mahle, Tyler",641816,"TEX","FS","Split-Finger",1.3,4,"323",28.2,"99","0.187","0.275","0.242",21.1,18.2,15.7,"0.247","0.39","0.307",28.4
"Hendricks, Kyle",543294,"LAA","CH","Changeup",0.3,1,"347",36.1,"99","0.223","0.394","0.277",21.4,15.2,11.8,"0.227","0.381","0.277",26.3
"Priester, Quinn",682990,"MIL","SI","Sinker",0,0,"367",45.4,"98","0.256","0.36","0.326",8.5,10.2,15.4,"0.307","0.438","0.363",49.4
"Berríos, José",621244,"TOR","SI","Sinker",1,3,"332",31.4,"98","0.227","0.364","0.292",12.8,19.4,27.1,"0.255","0.465","0.347",47.1
"Baz, Shane",669358,"TB","CU","Curveball",0.4,1,"325",32.6,"97","0.222","0.3","0.266",22.7,28.9,21.5,"0.239","0.336","0.276",42.9
"Hendricks, Kyle",543294,"LAA","SI","Sinker",-0.1,0,"340",35.4,"97","0.25","0.369","0.328",9.2,13.4,13,"0.262","0.372","0.327",31.9
"Abbott, Andrew",671096,"CIN","FF","4-Seam Fastball",1.6,6,"382",48.3,"96","0.193","0.349","0.297",24,29.2,23,"0.184","0.392","0.305",32.7
"Sánchez, Cristopher",650911,"PHI","CH","Changeup",1.3,5,"365",34.5,"96","0.14","0.198","0.215",47,43.8,29.4,"0.175","0.216","0.227",20.5
"Sasaki, Roki",808963,"LAD","FF","4-Seam Fastball",0.2,0,"299",50.2,"95","0.253","0.494","0.385",10.1,8.4,14.5,"0.308","0.663","0.457",52.1
"Taillon, Jameson",592791,"CHC","FF","4-Seam Fastball",-0.5,-2,"412",38.8,"95","0.227","0.511","0.332",17,16.8,13.2,"0.262","0.541","0.359",47.9
"Singer, Brady",663903,"CIN","SL","Slider",0.8,3,"365",33.6,"95","0.187","0.352","0.241",27,20,15.2,"0.239","0.417","0.29",34.2
"Skubal, Tarik",669373,"DET","CH","Changeup",3.1,10,"336",31.3,"94","0.163","0.185","0.16",49.2,47.9,33.3,"0.174","0.236","0.183",22.9
"Lord, Brad",695418,"WSH","FF","4-Seam Fastball",-0.2,-1,"369",53.2,"94","0.282","0.397","0.363",25.6,24.5,18.3,"0.282","0.402","0.354",42.1
"Kikuchi, Yusei",579328,"LAA","FF","4-Seam Fastball",-0.6,-3,"453",37,"94","0.314","0.43","0.366",21.6,26.6,18.1,"0.265","0.425","0.329",47.5
"Morton, Charlie",450203,"BAL","CU","Curveball",-1.4,-5,"350",36.4,"94","0.253","0.458","0.353",34.4,25.5,17.6,"0.258","0.43","0.329",39.3
"Bibee, Tanner",676440,"CLE","FF","4-Seam Fastball",0.1,0,"366",31.8,"93","0.256","0.488","0.347",14,14,13.8,"0.318","0.575","0.403",46.6
"Senga, Kodai",673540,"NYM","FS","Split-Finger",1.5,4,"269",27.2,"93","0.108","0.181","0.207",41.1,41.9,25.8,"0.138","0.243","0.221",29.5
"Schwellenbach, Spencer",680885,"ATL","FF","4-Seam Fastball",1.3,5,"375",34.2,"93","0.233","0.389","0.283",27,24.7,21.7,"0.304","0.537","0.362",57.4
"Hanifee, Brenan",669724,"DET","SI","Sinker",0,0,"336",69,"93","0.259","0.412","0.358",13.2,10.8,16.7,"0.263","0.412","0.317",42.1
"Smith-Shawver, AJ",700363,"ATL","FF","4-Seam Fastball",0.3,1,"331",46.6,"92","0.278","0.392","0.359",17,8.7,13.8,"0.403","0.672","0.49",63.9
"Irvin, Jake",663623,"WSH","FF","4-Seam Fastball",-1.3,-4,"327",29.9,"92","0.244","0.463","0.343",13.8,15.2,12.7,"0.304","0.668","0.437",50
"Elder, Bryce",693821,"ATL","SL","Slider",2,6,"310",39.2,"91","0.188","0.329","0.254",27.9,23.1,20.6,"0.238","0.412","0.296",43.1
"Eovaldi, Nathan",543135,"TEX","FS","Split-Finger",1,3,"311",29.2,"90","0.181","0.265","0.232",37.3,36.7,26.8,"0.209","0.316","0.262",40
"Ferrer, Jose A.",678606,"WSH","SI","Sinker",-0.6,-2,"337",70.4,"90","0.321","0.423","0.364",15.8,11.1,12.2,"0.266","0.374","0.32",36.6
"Márquez, Germán",608566,"COL","FF","4-Seam Fastball",-2.2,-6,"274",29.5,"90","0.347","0.533","0.431",12,10,13.2,"0.311","0.468","0.385",47.1
"Burke, Sean",680732,"CWS","SL","Slider",-0.4,-1,"290",28.5,"89","0.222","0.432","0.341",27.9,14.6,16.5,"0.281","0.527","0.366",36.2
"Yamamoto, Yoshinobu",808967,"LAD","FF","4-Seam Fastball",2.2,9,"414",37,"89","0.169","0.208","0.243",15.7,22.5,20.6,"0.238","0.351","0.308",48.3
"Yamamoto, Yoshinobu",808967,"LAD","FS","Split-Finger",1.3,4,"310",27.7,"89","0.131","0.238","0.187",42.3,41.6,25.9,"0.164","0.251","0.207",34
"Woo, Bryan",693433,"SEA","SI","Sinker",2.2,6,"267",26.9,"89","0.267","0.326","0.281",9.5,16.9,26.8,"0.28","0.384","0.295",43.1
"Skubal, Tarik",669373,"DET","FF","4-Seam Fastball",1.2,4,"307",28.6,"89","0.235","0.321","0.269",30.7,31.5,20.6,"0.244","0.418","0.311",33.3
"Bello, Brayan",678394,"BOS","SI","Sinker",-0.1,0,"325",39.1,"89","0.307","0.4","0.398",7.8,9,15.7,"0.306","0.393","0.361",36.8
"Hancock, Emerson",676106,"SEA","SI","Sinker",-2.3,-6,"265",37.5,"88","0.355","0.539","0.429",10.2,9.1,18.2,"0.337","0.488","0.401",38.2
"Brown, Hunter",686613,"HOU","FF","4-Seam Fastball",3.5,14,"406",35.6,"88","0.084","0.084","0.122",33.3,46.6,27,"0.15","0.233","0.194",31
"Ragans, Cole",666142,"KC","FF","4-Seam Fastball",0.5,2,"381",47.9,"87","0.24","0.387","0.308",23.8,31,21.8,"0.213","0.395","0.298",45.1
"Holmes, Grant",656550,"ATL","FF","4-Seam Fastball",-2.4,-10,"411",39.3,"87","0.315","0.685","0.456",13,18.4,17.8,"0.293","0.592","0.416",43.1
"Matz, Steven",571927,"STL","SI","Sinker",1.9,7,"347",61.6,"86","0.247","0.321","0.28",18.1,20.9,18,"0.254","0.412","0.303",51.6
"Lodolo, Nick",666157,"CIN","CH","Changeup",2.8,7,"254",23.1,"86","0.148","0.272","0.224",20.4,11.6,17.5,"0.259","0.439","0.316",29.2
"Houck, Tanner",656557,"BOS","SI","Sinker",-0.1,0,"298",39.8,"85","0.253","0.533","0.376",15.3,11.8,19.2,"0.278","0.55","0.386",47
"Vásquez, Randy",681190,"SD","FC","Cutter",-1.9,-5,"279",28.6,"85","0.314","0.5","0.412",18.6,15.3,17.8,"0.295","0.533","0.413",28.1
"Rodriguez, Eduardo",593958,"AZ","FF","4-Seam Fastball",-1.5,-5,"345",44.4,"85","0.342","0.534","0.411",23.3,28.2,28.2,"0.274","0.441","0.348",37.3
"Spence, Mitch",687765,"ATH","FC","Cutter",-0.1,0,"327",50.7,"85","0.28","0.453","0.375",20.9,12.9,15.1,"0.304","0.543","0.39",54.5
"Ashcraft, Graham",668933,"CIN","FC","Cutter",-1.7,-5,"304",62.6,"85","0.352","0.493","0.42",18.9,11.8,15.6,"0.304","0.444","0.375",34.9
"Woods Richardson, Simeon",680573,"MIN","FF","4-Seam Fastball",-0.7,-2,"326",47.7,"84","0.306","0.472","0.388",28.7,26.2,22.7,"0.264","0.559","0.395",62
"Littell, Zack",641793,"TB","FS","Split-Finger",-0.5,-1,"259",24.5,"84","0.265","0.398","0.292",23.4,28.6,20.2,"0.216","0.331","0.24",42.4
"Kahnle, Tommy",592454,"DET","CH","Changeup",2.5,8,"311",84.1,"84","0.16","0.259","0.212",27.4,22.6,22.4,"0.222","0.381","0.273",33.9
"Wacha, Michael",608379,"KC","FF","4-Seam Fastball",0,0,"335",32.6,"84","0.274","0.411","0.341",12.8,17.9,16,"0.316","0.537","0.399",45.8
"Boyd, Matthew",571510,"CHC","CH","Changeup",-0.7,-2,"230",22.7,"83","0.244","0.397","0.333",33.6,24.1,24.4,"0.209","0.35","0.262",30.5
"Canning, Griffin",656288,"NYM","SL","Slider",-0.3,-1,"304",32.4,"83","0.27","0.405","0.347",32.5,21.7,17.3,"0.264","0.452","0.347",50
"Lorenzen, Michael",547179,"KC","FF","4-Seam Fastball",-1.6,-5,"291",26.7,"83","0.263","0.5","0.346",12.8,18.1,16.1,"0.287","0.572","0.389",56.5
"Sugano, Tomoyuki",608372,"BAL","FS","Split-Finger",2.8,7,"268",25.4,"83","0.169","0.229","0.173",27,26.5,21.4,"0.228","0.351","0.247",27.9
"Alcantara, Sandy",645261,"MIA","SI","Sinker",1.6,4,"251",24.5,"83","0.271","0.343","0.34",8.8,6,10.6,"0.287","0.399","0.355",37.9
"Corbin, Patrick",571578,"TEX","SI","Sinker",0.6,2,"283",32.7,"83","0.225","0.408","0.31",12.9,19.3,17.4,"0.225","0.431","0.338",44.8
"Paddack, Chris",663978,"MIN","CH","Changeup",0.1,0,"259",24.2,"82","0.203","0.338","0.28",26.6,19.5,18,"0.236","0.405","0.322",44.1
"Ober, Bailey",641927,"MIN","CH","Changeup",0.5,2,"296",29.2,"82","0.228","0.316","0.254",30.2,29.3,18,"0.171","0.227","0.19",21.8
"Warren, Will",701542,"NYY","FF","4-Seam Fastball",1.6,5,"340",35.2,"82","0.162","0.235","0.265",30.6,35.4,25.7,"0.194","0.302","0.288",45
"Martin, Davis",663436,"CWS","CH","Changeup",0.9,2,"245",23.1,"82","0.21","0.296","0.27",19.7,13.4,11.8,"0.346","0.462","0.353",52.9
"Hill, Tim",657612,"NYY","SI","Sinker",1.4,4,"263",80.7,"82","0.213","0.347","0.298",13.5,11,14.3,"0.26","0.369","0.309",50
"Dobbins, Hunter",690928,"BOS","FF","4-Seam Fastball",0.1,0,"287",42,"82","0.32","0.453","0.371",14.3,14.6,17.4,"0.271","0.461","0.344",42.9
"Springs, Jeffrey",605488,"ATH","CH","Changeup",-0.3,-1,"246",23.3,"82","0.197","0.355","0.305",40.3,23.2,18.4,"0.221","0.319","0.258",25.9
"Cannon, Jonathan",686563,"CWS","SI","Sinker",-1.7,-4,"240",22,"81","0.301","0.493","0.406",6.5,12.3,15.9,"0.297","0.515","0.376",51.6
"Santillan, Tony",663574,"CIN","FF","4-Seam Fastball",1.2,3,"288",64.6,"81","0.189","0.351","0.269",17.9,19.8,14.7,"0.268","0.435","0.334",48.3
"Pfaadt, Brandon",694297,"AZ","FF","4-Seam Fastball",0.7,2,"334",31.8,"81","0.27","0.419","0.323",14.3,12.3,13.7,"0.363","0.687","0.457",56.9
"Gallen, Zac",668678,"AZ","CU","Curveball",-0.2,0,"292",23.7,"81","0.186","0.329","0.31",42.3,45.7,31.1,"0.152","0.249","0.248",50
"Severino, Luis",622663,"ATH","FF","4-Seam Fastball",0.2,1,"333",26.5,"81","0.276","0.355","0.306",18.4,16,13.5,"0.32","0.507","0.37",54.7
"Greene, Hunter",668881,"CIN","SL","Slider",1.3,4,"325",33.2,"80","0.123","0.301","0.23",48.8,41.3,25,"0.147","0.284","0.235",27.5
"Kelly, Merrill",518876,"AZ","CH","Changeup",2.5,6,"255",23.6,"80","0.173","0.227","0.222",35,28.7,24,"0.223","0.298","0.254",44.2
"Webb, Logan",657277,"SF","CH","Changeup",0.7,2,"248",19.8,"80","0.213","0.307","0.266",38,35,29.2,"0.218","0.281","0.245",46.8
"Pepiot, Ryan",686752,"TB","CH","Changeup",0.5,1,"254",23.5,"80","0.169","0.312","0.227",27.9,25,17.2,"0.236","0.378","0.274",41.4
"Gusto, Ryan",687473,"HOU","FF","4-Seam Fastball",-0.1,0,"344",48.6,"79","0.206","0.441","0.353",27.6,24.1,18.3,"0.241","0.478","0.359",44.9
"Kremer, Dean",665152,"BAL","FC","Cutter",1.2,3,"260",23.5,"79","0.189","0.338","0.266",23,20.3,20.8,"0.221","0.392","0.289",27.6
"Gray, Sonny",543243,"STL","ST","Sweeper",1.4,3,"231",21.9,"79","0.117","0.221","0.148",37.8,50.6,25,"0.164","0.283","0.197",28.9
"Fedde, Erick",607200,"STL","FC","Cutter",0.1,0,"268",25.3,"79","0.271","0.429","0.337",21.4,17.7,23,"0.273","0.5","0.365",43.9
"Sears, JP",676664,"ATH","ST","Sweeper",2.4,8,"346",32,"79","0.187","0.32","0.253",21.3,20.3,19.5,"0.183","0.297","0.229",23.7
"Jobe, Jackson",695549,"DET","SL","Slider",0.2,0,"268",30.6,"78","0.232","0.348","0.297",26.4,19.2,16.1,"0.21","0.4","0.303",38.2
"Ortiz, Luis L.",682847,"CLE","FF","4-Seam Fastball",-0.5,-2,"306",29.9,"78","0.258","0.409","0.362",32.6,28.2,23.7,"0.26","0.525","0.386",54.5
"Imanaga, Shota",684007,"CHC","FS","Split-Finger",2.1,5,"237",34.2,"78","0.184","0.263","0.224",30.6,23.1,20.9,"0.237","0.421","0.291",36.2
"Williams, Trevor",592866,"WSH","ST","Sweeper",1,3,"310",29.7,"78","0.197","0.282","0.234",30.9,26.9,19.1,"0.195","0.246","0.23",21.2
"Corbin, Patrick",571578,"TEX","SL","Slider",-0.5,-2,"311",36,"78","0.243","0.365","0.28",35.6,24.4,18.1,"0.242","0.369","0.279",32.1
"Eovaldi, Nathan",543135,"TEX","FF","4-Seam Fastball",1.5,5,"307",28.8,"78","0.25","0.389","0.294",11.6,12.8,11.2,"0.314","0.541","0.385",46.9
"Rasmussen, Drew",656876,"TB","FF","4-Seam Fastball",2.5,8,"313",33.5,"78","0.205","0.315","0.255",22.4,28.2,22,"0.224","0.336","0.269",45.1
"Webb, Logan",657277,"SF","ST","Sweeper",0,0,"357",28.5,"77","0.264","0.375","0.318",32.3,22.1,17.2,"0.226","0.33","0.254",28.1
"Smith-Shawver, AJ",700363,"ATL","FS","Split-Finger",2,5,"242",34,"77","0.143","0.171","0.19",39.7,42.9,25.8,"0.173","0.276","0.238",27
"Povich, Cade",700249,"BAL","FF","4-Seam Fastball",0.2,1,"326",35.7,"77","0.261","0.406","0.342",18.8,24.7,22.4,"0.334","0.694","0.458",54
"Rasmussen, Drew",656876,"TB","SI","Sinker",1.3,3,"235",25.1,"76","0.176","0.279","0.261",13.9,22.4,23,"0.267","0.402","0.33",39.2
"Liberatore, Matthew",669461,"STL","FF","4-Seam Fastball",0.5,1,"244",26.1,"76","0.27","0.378","0.316",16,22.4,22.1,"0.254","0.396","0.288",42.1
"Quintana, Jose",500779,"MIL","SI","Sinker",0,0,"284",45.8,"76","0.246","0.431","0.355",15.5,19.7,23.4,"0.271","0.468","0.365",56.9
"Canning, Griffin",656288,"NYM","CH","Changeup",0.8,2,"233",24.8,"76","0.246","0.29","0.296",26,18.4,18.4,"0.268","0.379","0.317",43.6
"Senga, Kodai",673540,"NYM","FF","4-Seam Fastball",-0.7,-2,"308",31.1,"76","0.304","0.565","0.409",18.3,17.1,16.5,"0.295","0.539","0.385",53.6
"Imanaga, Shota",684007,"CHC","FF","4-Seam Fastball",-2,-7,"340",49.1,"76","0.266","0.594","0.409",19.5,9.2,7.5,"0.308","0.69","0.459",44.8
"Severino, Luis",622663,"ATH","ST","Sweeper",-0.4,-1,"298",23.7,"76","0.194","0.343","0.279",23.7,30.3,18.4,"0.234","0.377","0.307",35.6
"Peterson, David",656849,"NYM","SI","Sinker",0.7,2,"293",28.2,"76","0.246","0.377","0.349",12.5,6.6,12.8,"0.266","0.365","0.352",45.6
"Mikolas, Miles",571945,"STL","SL","Slider",0.9,2,"220",25.6,"75","0.225","0.408","0.286",19.3,12,17.6,"0.261","0.478","0.328",38.1
"Bido, Osvaldo",674370,"ATH","FF","4-Seam Fastball",-1.6,-5,"305",40.1,"75","0.3","0.517","0.399",21.9,13.3,11.4,"0.283","0.536","0.406",53.8
"Skenes, Paul",694973,"PIT","FS","Split-Finger",0.9,3,"284",22.2,"75","0.221","0.368","0.306",26,14.7,20,"0.249","0.376","0.308",42.1
"Gore, MacKenzie",669022,"WSH","CU","Curveball",0.2,1,"281",23.8,"75","0.206","0.338","0.277",46.7,49.3,28.5,"0.173","0.293","0.245",45.2
"Miller, Bryce",682243,"SEA","FF","4-Seam Fastball",-0.2,-1,"316",39.5,"74","0.25","0.516","0.373",18,12.2,10.6,"0.262","0.466","0.357",39.3
"Márquez, Germán",608566,"COL","SI","Sinker",-1.5,-4,"244",26.3,"74","0.353","0.515","0.414",6.5,0,0,"0.336","0.516","0.391",50
"Gray, Sonny",543243,"STL","SI","Sinker",1.9,4,"224",21.3,"74","0.25","0.412","0.318",12.1,27,29,"0.249","0.407","0.314",41.7
"Clase, Emmanuel",661403,"CLE","FC","Cutter",0.2,1,"279",69.4,"74","0.299","0.433","0.346",34.5,24.3,24.3,"0.233","0.357","0.282",43.1
"Martin, Davis",663436,"CWS","FC","Cutter",-0.4,-1,"274",25.8,"74","0.242","0.47","0.351",22,16.2,19.4,"0.279","0.582","0.39",38.2
"Alcantara, Sandy",645261,"MIA","FF","4-Seam Fastball",-1.8,-5,"258",25.1,"74","0.323","0.597","0.411",15.9,23,16.2,"0.289","0.559","0.39",66.7
"Mlodzinski, Carmen",669387,"PIT","FF","4-Seam Fastball",-1.8,-5,"252",36.7,"74","0.317","0.571","0.425",18.1,16.2,13.8,"0.282","0.486","0.381",47.1
"Smith, Cade",671922,"CLE","FF","4-Seam Fastball",1.3,4,"312",70.6,"73","0.177","0.274","0.26",30.1,37,36.5,"0.162","0.237","0.244",44.4
"Castillo, Luis",622491,"SEA","SI","Sinker",1.5,3,"238",20.8,"73","0.3","0.357","0.311",12.9,4.1,6.1,"0.327","0.419","0.339",49.3
"Peterson, David",656849,"NYM","SL","Slider",0.9,2,"210",20.2,"73","0.211","0.254","0.237",35.9,42.5,33.3,"0.208","0.29","0.228",57.5
"Márquez, Germán",608566,"COL","CU","Curveball",-0.4,-1,"257",27.7,"72","0.211","0.352","0.272",40.9,36.1,22,"0.219","0.339","0.244",44.4
"Elder, Bryce",693821,"ATL","SI","Sinker",-1.6,-5,"301",38.1,"72","0.303","0.561","0.393",12,19.4,20.6,"0.3","0.5","0.371",53.8
"Estrada, Jeremiah",669093,"SD","FF","4-Seam Fastball",0.6,2,"273",62.9,"72","0.238","0.365","0.307",27.5,34.7,24.8,"0.216","0.386","0.29",39
"Kremer, Dean",665152,"BAL","FF","4-Seam Fastball",-1.9,-5,"282",25.5,"72","0.348","0.545","0.41",17.1,19.4,14.4,"0.315","0.548","0.395",53.8
"Wacha, Michael",608379,"KC","CH","Changeup",3.2,8,"259",25.2,"72","0.162","0.221","0.199",29.2,23.6,17.2,"0.173","0.236","0.206",15.7
"Brown, Hunter",686613,"HOU","SI","Sinker",1,3,"280",24.6,"72","0.27","0.365","0.33",18.8,15.3,17.5,"0.291","0.37","0.339",17.3
"Flaherty, Jack",656427,"DET","CU","Curveball",1.1,3,"285",25.7,"72","0.147","0.221","0.189",46.8,51.4,27.8,"0.12","0.167","0.156",25.8
"Priester, Quinn",682990,"MIL","SL","Slider",0.8,2,"228",28.2,"72","0.185","0.369","0.294",33.6,18.1,15.9,"0.194","0.305","0.256",32.1
"Allen, Logan",671106,"CLE","ST","Sweeper",-1.5,-4,"268",29.5,"72","0.206","0.349","0.315",22.9,26.4,17.1,"0.188","0.357","0.283",31.1
"Skubal, Tarik",669373,"DET","SI","Sinker",3.3,9,"272",25.3,"71","0.188","0.29","0.22",26.8,22.5,36.4,"0.22","0.358","0.259",28.3
"Blanco, Ronel",669854,"HOU","SL","Slider",2.5,6,"249",31.4,"71","0.179","0.269","0.221",42.4,35.2,25.3,"0.188","0.302","0.237",28.6
"Chivilli, Angel",683409,"COL","FF","4-Seam Fastball",-2.4,-5,"227",46.4,"71","0.323","0.548","0.426",12.5,7,15.2,"0.356","0.574","0.437",49.1
"Ray, Robbie",592662,"SF","SL","Slider",1.3,4,"281",25.1,"71","0.191","0.309","0.235",31.6,29.6,23.9,"0.217","0.329","0.254",59.6
"Springs, Jeffrey",605488,"ATH","SL","Slider",0.8,2,"293",27.7,"71","0.224","0.362","0.336",21,11.3,14,"0.284","0.455","0.377",43.1
"Knack, Landon",689017,"LAD","FF","4-Seam Fastball",-0.5,-1,"304",48.1,"71","0.29","0.565","0.404",15,18.3,15.3,"0.285","0.577","0.405",53.1
"King, Michael",650633,"SD","SI","Sinker",2.9,8,"258",28,"70","0.164","0.209","0.225",15.5,34.3,33.8,"0.179","0.291","0.222",39.5
"Lodolo, Nick",666157,"CIN","CU","Curveball",-1.2,-4,"300",27.3,"70","0.246","0.393","0.323",33.8,35.7,20,"0.159","0.295","0.253",35.1
"Lively, Ben",594902,"CLE","SI","Sinker",0.9,2,"207",28.8,"70","0.27","0.333","0.309",13.9,22.9,18.8,"0.23","0.321","0.283",42.6
"Cannon, Jonathan",686563,"CWS","FC","Cutter",0.1,0,"286",26.2,"70","0.279","0.492","0.375",24.5,17.1,26.7,"0.286","0.502","0.382",44.9
"Lodolo, Nick",666157,"CIN","FF","4-Seam Fastball",-0.2,-1,"319",29.1,"70","0.242","0.409","0.309",18.5,22.9,16.3,"0.274","0.525","0.353",43.1
"Sterner, Justin",686993,"ATH","FF","4-Seam Fastball",0.4,1,"275",54.7,"70","0.222","0.352","0.331",27.2,22.9,18.2,"0.203","0.372","0.33",45
"Berríos, José",621244,"TOR","SV","Slurve",0,0,"276",26.1,"70","0.177","0.371","0.284",34.5,25.7,21.7,"0.233","0.399","0.318",29.5
"Schwellenbach, Spencer",680885,"ATL","SL","Slider",-1.2,-3,"209",19,"70","0.215","0.4","0.299",32.2,25.7,19.8,"0.236","0.359","0.282",39.6
"Houck, Tanner",656557,"BOS","ST","Sweeper",-1.9,-5,"265",35.4,"70","0.305","0.492","0.401",32.4,22.9,18.4,"0.28","0.426","0.365",38.6
"Liberatore, Matthew",669461,"STL","SL","Slider",1.1,2,"219",23.4,"69","0.227","0.318","0.257",38.1,34.8,24.2,"0.246","0.396","0.293",45.2
"Bradley, Taj",671737,"TB","FS","Split-Finger",0.1,0,"223",20.6,"69","0.213","0.295","0.259",26.8,23.2,19.5,"0.208","0.31","0.25",33.3
"Rasmussen, Drew",656876,"TB","FC","Cutter",2.7,8,"279",29.8,"69","0.152","0.258","0.198",26.4,18.8,15.1,"0.231","0.331","0.261",43.4
"Schmidt, Clarke",657376,"NYY","FC","Cutter",0.7,2,"312",44.3,"69","0.271","0.424","0.341",24.7,14.5,13.2,"0.238","0.378","0.31",33.3
"Birdsong, Hayden",806185,"SF","FF","4-Seam Fastball",1.3,3,"255",39.7,"68","0.193","0.421","0.307",23.1,17.6,16.9,"0.216","0.463","0.339",40.4
"Rogers, Tyler",643511,"SF","SI","Sinker",3.4,8,"235",70.1,"68","0.185","0.246","0.201",20,22.1,26.3,"0.22","0.274","0.237",40
"Luzardo, Jesús",666200,"PHI","ST","Sweeper",1.7,5,"314",27.2,"68","0.219","0.313","0.257",48.1,50,34.3,"0.153","0.207","0.188",33.3
"Jansen, Kenley",445276,"LAA","FC","Cutter",1.1,3,"257",79.8,"68","0.213","0.377","0.298",23.9,16.2,16.9,"0.259","0.541","0.374",42
"Martin, Davis",663436,"CWS","FF","4-Seam Fastball",1.4,4,"311",29.3,"67","0.15","0.267","0.244",20.5,22.4,14.7,"0.227","0.411","0.315",40
"Burnes, Corbin",669203,"AZ","CU","Curveball",1.4,3,"194",19.2,"67","0.164","0.23","0.231",43.8,43.3,30.5,"0.13","0.198","0.189",34.4
"Leiter, Jack",683004,"TEX","FF","4-Seam Fastball",1.1,2,"219",28.3,"67","0.137","0.157","0.266",21.4,22.4,14.4,"0.195","0.345","0.342",38.9
"Pagán, Emilio",641941,"CIN","FF","4-Seam Fastball",0.9,2,"249",60.7,"67","0.167","0.4","0.297",25.4,23.9,18.4,"0.222","0.558","0.364",54.5
"Flaherty, Jack",656427,"DET","SL","Slider",-0.1,0,"280",25.2,"67","0.217","0.433","0.331",30.6,22.4,17.6,"0.293","0.539","0.388",53.3
"Kinley, Tyler",641755,"COL","SL","Slider",0.4,1,"274",56.8,"66","0.224","0.293","0.277",30.4,25.8,18.7,"0.264","0.403","0.32",23.3
"Romano, Jordan",605447,"PHI","SL","Slider",-0.1,0,"221",61.4,"66","0.25","0.4","0.317",33.6,33.3,31,"0.193","0.328","0.265",34.2
"Olson, Reese",681857,"DET","SI","Sinker",-0.7,-2,"248",31,"66","0.321","0.377","0.399",3.3,7.6,12.2,"0.311","0.491","0.412",47.9
"King, Michael",650633,"SD","CH","Changeup",2.8,6,"200",21.7,"66","0.164","0.164","0.179",31,22.7,25.9,"0.188","0.293","0.235",27.7
"Francis, Bowden",670102,"TOR","FS","Split-Finger",-3.3,-8,"225",23,"66","0.273","0.618","0.416",35.7,28.8,20.4,"0.285","0.59","0.413",48.6
"Morton, Charlie",450203,"BAL","FF","4-Seam Fastball",-1.7,-5,"300",31.2,"66","0.173","0.481","0.349",26,27.3,18.8,"0.17","0.431","0.335",45.7
"Jobe, Jackson",695549,"DET","FF","4-Seam Fastball",-0.7,-2,"273",31.1,"66","0.296","0.519","0.395",14.2,9.1,7.7,"0.295","0.504","0.39",46
"Dreyer, Jack",676263,"LAD","SL","Slider",1.6,3,"213",44.6,"65","0.203","0.271","0.234",30.8,29.2,24.1,"0.201","0.279","0.237",42.9
"Martinez, Nick",607259,"CIN","FF","4-Seam Fastball",1,2,"238",23,"65","0.271","0.373","0.291",13,15.4,13.3,"0.286","0.398","0.316",38.5
"Martinez, Nick",607259,"CIN","CH","Changeup",0,0,"212",20.5,"65","0.197","0.377","0.263",32.4,23.1,18.3,"0.203","0.318","0.245",23.4
"Koenig, Jared",657649,"MIL","SI","Sinker",0.3,1,"254",58.8,"65","0.241","0.352","0.329",19.1,21.5,19.7,"0.189","0.281","0.269",33.3
"Fried, Max",608331,"NYY","SI","Sinker",0.3,1,"227",20.1,"64","0.246","0.351","0.366",21.6,14.1,20.5,"0.264","0.406","0.335",47.9
"Freeland, Kyle",607536,"COL","FF","4-Seam Fastball",-4.1,-9,"224",23,"64","0.466","0.741","0.527",14.3,12.5,14.8,"0.355","0.585","0.408",40.4
"Abreu, Bryan",650556,"HOU","SL","Slider",0.8,2,"210",47.9,"64","0.196","0.286","0.298",40.6,34.4,33.3,"0.222","0.351","0.302",41.2
"Vesia, Alex",681911,"LAD","FF","4-Seam Fastball",0.6,1,"240",53.3,"64","0.207","0.448","0.314",28.1,35.9,24.7,"0.206","0.505","0.334",48.6
"Nola, Aaron",605400,"PHI","CU","Curveball",-0.9,-2,"247",28.6,"64","0.31","0.466","0.37",33.3,29.7,20,"0.282","0.411","0.335",41
"Pallante, Andre",669467,"STL","SL","Slider",0.5,1,"266",25.3,"64","0.19","0.31","0.26",34.7,26.6,18.5,"0.269","0.358","0.311",43.9
"Scott, Tanner",656945,"LAD","FF","4-Seam Fastball",-1,-2,"225",54.1,"64","0.274","0.581","0.357",20,23.4,21.1,"0.307","0.561","0.376",54.2
"Cannon, Jonathan",686563,"CWS","CH","Changeup",-0.4,-1,"232",21.2,"64","0.22","0.373","0.302",25,25,15.8,"0.24","0.395","0.304",39.5
"Bubic, Kris",663460,"KC","ST","Sweeper",2.5,6,"231",20.9,"64","0.175","0.206","0.191",27.1,29.7,24.1,"0.202","0.25","0.203",29.5
"Heaney, Andrew",571760,"PIT","CH","Changeup",2.1,4,"193",18.2,"63","0.153","0.254","0.202",18.5,9.5,12.2,"0.254","0.372","0.288",25.9
"Hurter, Brant",676428,"DET","SI","Sinker",2,5,"227",51.4,"63","0.231","0.327","0.305",10.7,14.3,18.8,"0.275","0.386","0.341",37.8
"Morejon, Adrian",670970,"SD","SI","Sinker",1.9,4,"204",57.5,"63","0.246","0.298","0.27",11.4,14.3,20,"0.246","0.31","0.272",30
"Smith, Shane",681343,"CWS","CH","Changeup",1.9,4,"218",21.9,"63","0.111","0.148","0.211",35.7,25.4,20.8,"0.22","0.302","0.292",44.7
"Senzatela, Antonio",622608,"COL","SL","Slider",-1.6,-4,"237",22.8,"63","0.322","0.593","0.411",23.4,14.3,14.1,"0.312","0.599","0.395",41.2
"Estévez, Carlos",608032,"KC","FF","4-Seam Fastball",2.6,6,"218",54.4,"63","0.167","0.204","0.24",20,31.7,28.6,"0.197","0.348","0.298",41.2
"Lodolo, Nick",666157,"CIN","SI","Sinker",-0.3,-1,"225",20.5,"63","0.364","0.473","0.404",15.5,12.7,15.1,"0.368","0.495","0.407",56.3
"López, Pablo",641154,"MIN","CH","Changeup",-1.9,-4,"218",21.6,"63","0.259","0.466","0.339",26.6,22.2,14.7,"0.223","0.463","0.322",25
"Ortiz, Luis L.",682847,"CLE","SL","Slider",-0.6,-1,"267",26.1,"62","0.2","0.382","0.317",42.9,33.9,20.2,"0.203","0.423","0.313",44.1
"Eisert, Brandon",685126,"CWS","SL","Slider",-1.9,-4,"188",42,"62","0.286","0.518","0.355",29,25.8,28.6,"0.22","0.431","0.311",36.6
"Freeland, Kyle",607536,"COL","ST","Sweeper",0.6,1,"172",17.6,"62","0.2","0.267","0.268",31.8,35.5,25,"0.236","0.333","0.259",42.1
"Giolito, Lucas",608337,"BOS","FF","4-Seam Fastball",0.5,1,"242",46.3,"62","0.345","0.364","0.343",18.1,21,22,"0.285","0.391","0.321",45.5
"Wentz, Joey",666214,"PIT","FF","4-Seam Fastball",-1.5,-3,"229",50.1,"62","0.255","0.412","0.377",17.3,12.9,10.5,"0.318","0.555","0.428",54.5
"Miller, Shelby",571946,"AZ","FF","4-Seam Fastball",1.4,4,"257",64.4,"62","0.241","0.278","0.279",27.1,21,19.7,"0.273","0.426","0.343",47.6
"Mize, Casey",663554,"DET","FS","Split-Finger",-1.4,-3,"193",25.5,"62","0.262","0.41","0.325",37.9,30.6,22.1,"0.203","0.316","0.229",42.9
"Vest, Will",676684,"DET","FF","4-Seam Fastball",0.8,2,"277",58.1,"62","0.211","0.333","0.271",23.4,29,17.3,"0.235","0.409","0.309",56.4
"King, Bryan",687911,"HOU","FF","4-Seam Fastball",0.9,2,"237",60.8,"62","0.25","0.393","0.321",28.3,27.4,22.1,"0.254","0.385","0.315",30
"Berríos, José",621244,"TOR","CH","Changeup",0.2,0,"173",16.4,"62","0.218","0.436","0.323",40.2,35.5,30.6,"0.218","0.526","0.353",42.4
"Hernández, Carlos",672578,"PHI","FF","4-Seam Fastball",-0.4,-1,"228",56.9,"61","0.306","0.429","0.394",15.6,14.8,14.8,"0.286","0.546","0.42",47.5
"Meyer, Max",676974,"MIA","FF","4-Seam Fastball",-2.7,-6,"231",22.2,"61","0.315","0.63","0.433",14,13.1,13.1,"0.347","0.703","0.471",52.2
"Verlander, Justin",434378,"SF","SL","Slider",-1.3,-3,"203",23.6,"61","0.268","0.429","0.334",33.6,26.2,16.3,"0.203","0.343","0.259",39
"Keller, Mitch",656605,"PIT","ST","Sweeper",1.8,4,"209",18.8,"61","0.183","0.233","0.206",20.8,24.6,19.7,"0.18","0.321","0.219",35.6
"Williams, Gavin",668909,"CLE","ST","Sweeper",0.7,2,"264",23.7,"61","0.179","0.232","0.238",44.2,44.3,24.8,"0.148","0.255","0.226",31
"Vargas, Carlos",672841,"SEA","SI","Sinker",0.7,2,"242",58,"60","0.333","0.333","0.346",16.3,10,20.7,"0.246","0.306","0.287",45.8
"Doval, Camilo",666808,"SF","SL","Slider",2.1,4,"207",54.3,"60","0.164","0.182","0.214",37.9,30,26.5,"0.197","0.253","0.236",32.4
"Cruz, Fernando",518585,"NYY","FS","Split-Finger",2.1,4,"215",57.5,"60","0.155","0.241","0.203",57.8,51.7,35.6,"0.129","0.21","0.163",33.3
"Stanek, Ryne",592773,"NYM","FF","4-Seam Fastball",0.8,2,"236",65,"60","0.255","0.327","0.307",22.5,21.7,16.5,"0.245","0.395","0.308",38.1
"Megill, Tylor",656731,"NYM","SI","Sinker",-1,-2,"207",19.3,"60","0.25","0.346","0.352",17.2,16.7,19.2,"0.261","0.416","0.333",48.8
"Brazobán, Huascar",623211,"NYM","CH","Changeup",-1.2,-2,"196",37,"60","0.231","0.442","0.346",35.2,31.7,21.3,"0.24","0.424","0.338",51.5
"Bradley, Taj",671737,"TB","FC","Cutter",1.1,3,"230",21.3,"60","0.218","0.291","0.263",34.9,18.3,24.4,"0.243","0.416","0.315",36.4
"Mize, Casey",663554,"DET","FF","4-Seam Fastball",1.2,3,"253",33.5,"60","0.185","0.37","0.281",23.6,20,19.7,"0.245","0.556","0.371",52.4
"Hernández, Daysbel",678226,"ATL","SL","Slider",0.2,0,"247",57.2,"60","0.22","0.28","0.299",30.8,15,11.3,"0.237","0.337","0.323",31.7
"Johnson, Pierce",572955,"ATL","CU","Curveball",-0.3,-1,"259",68.3,"60","0.25","0.429","0.305",28,23.3,15.7,"0.238","0.469","0.322",41.9
"King, John",667463,"STL","SI","Sinker",0,0,"214",67.1,"59","0.269","0.365","0.342",17.1,10.2,12,"0.308","0.422","0.36",45.7
"Bassitt, Chris",605135,"TOR","FC","Cutter",1,2,"217",19.4,"59","0.193","0.404","0.255",26.7,39,23.5,"0.192","0.402","0.264",32.4
"Hodge, Porter",687863,"CHC","ST","Sweeper",0.2,0,"167",48.5,"59","0.22","0.4","0.344",26,20.3,21.4,"0.216","0.337","0.306",21.1
"Blanco, Ronel",669854,"HOU","FF","4-Seam Fastball",-1.7,-5,"283",35.6,"58","0.267","0.6","0.432",16.8,10.3,9.2,"0.24","0.487","0.388",45
"Pfaadt, Brandon",694297,"AZ","ST","Sweeper",-1.6,-4,"238",22.6,"58","0.235","0.51","0.373",32.1,29.3,18.3,"0.231","0.439","0.332",44.1
"Thompson, Ryan",657044,"AZ","SI","Sinker",-0.2,0,"190",50.5,"58","0.364","0.455","0.392",23.2,15.5,21.4,"0.289","0.405","0.318",43.5
"Fluharty, Mason",689254,"TOR","FC","Cutter",2,4,"218",61.4,"58","0.14","0.18","0.236",29.8,31,31.6,"0.188","0.262","0.258",30.3
"Ferguson, Tyler",621053,"ATH","FF","4-Seam Fastball",0.3,0,"170",38.8,"58","0.239","0.435","0.341",20.4,20.7,22.2,"0.239","0.461","0.35",37.8
"Lorenzen, Michael",547179,"KC","CH","Changeup",-1.9,-4,"194",17.8,"58","0.286","0.531","0.4",36.9,24.1,17.9,"0.194","0.323","0.295",17.1
"Suter, Brent",608718,"CIN","FF","4-Seam Fastball",2.1,4,"207",43.9,"58","0.264","0.415","0.321",13.4,10.3,11.5,"0.268","0.486","0.346",33.3
"Patrick, Chad",694477,"MIL","SI","Sinker",0.8,2,"215",20.4,"58","0.212","0.346","0.287",9.4,17.2,17.5,"0.234","0.383","0.308",57.1
"Weaver, Luke",596133,"NYY","FF","4-Seam Fastball",2,4,"208",58.4,"58","0.151","0.283","0.216",26.1,25.9,25.4,"0.206","0.442","0.305",53.8
"Rodón, Carlos",607074,"NYY","CH","Changeup",1.2,2,"206",16.2,"58","0.204","0.259","0.23",39.6,29.3,21.8,"0.225","0.318","0.262",31.6
"Palencia, Daniel",694037,"CHC","FF","4-Seam Fastball",2.1,5,"242",72.9,"58","0.115","0.212","0.197",24.4,29.3,22.4,"0.251","0.39","0.317",51.4
"Wilson, Bryse",669060,"CWS","FC","Cutter",-4.7,-9,"202",25.9,"58","0.451","0.686","0.545",16.3,10.3,15.8,"0.396","0.657","0.482",39.1
"Finnegan, Kyle",640448,"WSH","FF","4-Seam Fastball",1.5,3,"224",66.5,"58","0.184","0.286","0.27",18.3,20.7,16.4,"0.204","0.336","0.298",38.5
"Fedde, Erick",607200,"STL","ST","Sweeper",-0.4,-1,"269",25.4,"58","0.16","0.32","0.279",29.3,20.7,13.5,"0.238","0.508","0.361",30.8
"Luzardo, Jesús",666200,"PHI","CH","Changeup",-0.5,-1,"210",18.2,"58","0.255","0.314","0.321",30.3,15.5,12.9,"0.247","0.318","0.301",26.2
"Green, Chad",643338,"TOR","FF","4-Seam Fastball",-0.3,-1,"205",52.7,"58","0.255","0.473","0.318",27.4,27.6,26.7,"0.253","0.544","0.353",61.5
"Peralta, Freddy",642547,"MIL","CH","Changeup",1.4,3,"241",19.4,"57","0.212","0.231","0.257",35.1,26.3,23.8,"0.213","0.278","0.255",29.7
"Uribe, Abner",682842,"MIL","SI","Sinker",0.5,1,"234",51.4,"57","0.271","0.396","0.355",17.3,15.8,22.5,"0.305","0.466","0.381",48.8
"Canning, Griffin",656288,"NYM","FF","4-Seam Fastball",0.1,0,"323",34.4,"57","0.204","0.429","0.32",19.7,28.1,19,"0.205","0.437","0.322",47.1
"Pepiot, Ryan",686752,"TB","SL","Slider",-0.9,-2,"247",22.8,"57","0.286","0.5","0.357",21.3,8.8,8.2,"0.305","0.489","0.345",33.3
"Uribe, Abner",682842,"MIL","SL","Slider",1.8,4,"213",46.8,"57","0.176","0.176","0.216",50.5,50.9,30.5,"0.16","0.179","0.206",13.6
"Patrick, Chad",694477,"MIL","FF","4-Seam Fastball",0.4,1,"251",23.8,"57","0.269","0.385","0.32",25.8,28.1,15.5,"0.251","0.41","0.317",33.3
"Littell, Zack",641793,"TB","FF","4-Seam Fastball",2.1,5,"258",24.4,"57","0.164","0.327","0.225",15.6,14,12.7,"0.242","0.475","0.316",40.4
"Leiter, Jack",683004,"TEX","SL","Slider",1,2,"213",27.6,"57","0.189","0.377","0.271",23.1,14,11.8,"0.246","0.467","0.329",31.1
"Vásquez, Randy",681190,"SD","SI","Sinker",5.1,8,"156",16,"57","0.157","0.157","0.2",3.8,7,18.2,"0.283","0.477","0.363",46.8
"Gonsolin, Tony",664062,"LAD","FF","4-Seam Fastball",-2,-4,"210",40.5,"57","0.34","0.617","0.459",21.1,10.5,12,"0.309","0.603","0.44",46.3
"Kerkering, Orion",689147,"PHI","ST","Sweeper",-0.2,0,"219",57.9,"57","0.245","0.396","0.314",21.9,15.8,15.3,"0.25","0.394","0.294",28.9
"Bird, Jake",656234,"COL","SI","Sinker",0.7,1,"198",35.5,"57","0.25","0.333","0.313",19.6,12.3,17.1,"0.318","0.421","0.388",54.8
"Rodríguez, Randy",678495,"SF","SL","Slider",3.2,6,"176",47.2,"57","0.161","0.232","0.196",36.8,38.6,36.1,"0.193","0.28","0.212",47.1
"Martinez, Nick",607259,"CIN","FC","Cutter",-0.2,0,"195",18.8,"57","0.26","0.52","0.38",18.4,15.8,30,"0.286","0.522","0.387",48.8
"Hader, Josh",623352,"HOU","SI","Sinker",1,2,"224",54.8,"56","0.167","0.354","0.274",34.5,35.7,25.3,"0.154","0.283","0.25",27.6
"Bubic, Kris",663460,"KC","CH","Changeup",2.8,6,"228",20.7,"56","0.1","0.1","0.175",38.5,32.1,23.4,"0.161","0.189","0.212",34.4
"Okert, Steven",595345,"HOU","SL","Slider",3.7,7,"196",52.8,"56","0.113","0.17","0.14",47.5,44.6,36.2,"0.153","0.261","0.196",34.5
"Fairbanks, Pete",664126,"TB","FF","4-Seam Fastball",1.6,3,"216",53.6,"56","0.208","0.271","0.301",23.8,14.3,15.7,"0.287","0.386","0.35",52.5
"Hicks, Jordan",663855,"SF","ST","Sweeper",-0.4,-1,"264",32,"56","0.245","0.408","0.348",44,25,18.9,"0.179","0.287","0.262",25.7
"Sugano, Tomoyuki",608372,"BAL","ST","Sweeper",1.7,3,"198",18.8,"56","0.2","0.291","0.221",18.9,8.9,7.4,"0.246","0.344","0.261",38
"Williams, Devin",642207,"NYY","CH","Changeup",0.8,2,"235",53.7,"56","0.235","0.333","0.284",33.1,26.8,19.5,"0.261","0.421","0.339",31.6
"Taillon, Jameson",592791,"CHC","ST","Sweeper",-3.2,-6,"181",17.1,"56","0.259","0.574","0.37",32.3,23.2,15.7,"0.209","0.404","0.267",23.8
"Allen, Logan",671106,"CLE","FF","4-Seam Fastball",-0.2,0,"263",29,"56","0.333","0.444","0.385",15.1,10.7,10.2,"0.274","0.394","0.364",36.6
"Detmers, Reid",672282,"LAA","FF","4-Seam Fastball",1,2,"217",46.1,"56","0.286","0.367","0.338",30.7,32.1,29,"0.266","0.386","0.333",38.7
"Little, Brendon",663893,"TOR","CU","Curveball",1.7,4,"209",46.4,"56","0.137","0.176","0.204",61.5,57.1,31.1,"0.119","0.173","0.177",47.4
"Irvin, Jake",663623,"WSH","SI","Sinker",1.5,3,"202",18.4,"55","0.288","0.308","0.306",6.5,7.3,16,"0.292","0.424","0.328",45.8
"Pfaadt, Brandon",694297,"AZ","SI","Sinker",0.9,2,"186",17.7,"55","0.283","0.415","0.317",10.3,18.2,18.5,"0.335","0.498","0.37",60.5
"Akin, Keegan",669211,"BAL","FF","4-Seam Fastball",-1.7,-4,"229",50.3,"55","0.333","0.5","0.44",16,16.4,11.5,"0.266","0.432","0.392",45.5
"Steele, Justin",657006,"CHC","FF","4-Seam Fastball",1.2,2,"176",56.2,"55","0.212","0.365","0.258",16.3,21.8,27.9,"0.29","0.482","0.338",56.1
"Alexander, Scott",518397,"COL","SI","Sinker",-2.3,-4,"177",65.6,"55","0.319","0.617","0.455",13.1,5.5,8.8,"0.34","0.651","0.458",52.3
"Dreyer, Jack",676263,"LAD","FF","4-Seam Fastball",2.9,6,"196",41,"55","0.17","0.277","0.252",18.5,20,26.2,"0.163","0.234","0.24",40.5
"Megill, Trevor",656730,"MIL","FF","4-Seam Fastball",1.1,2,"215",66,"55","0.217","0.304","0.295",15.7,16.4,15.8,"0.312","0.578","0.414",35.9
"Kranick, Max",668820,"NYM","FF","4-Seam Fastball",-0.3,-1,"190",40.3,"55","0.275","0.353","0.299",25,16.4,16.7,"0.264","0.384","0.326",39.5
"Falter, Bailey",663559,"PIT","SI","Sinker",3.1,6,"191",19.5,"55","0.176","0.216","0.202",10.9,7.3,7.4,"0.237","0.33","0.269",37.5
"Castillo, Luis",622491,"SEA","SL","Slider",-0.2,-1,"255",22.3,"55","0.255","0.373","0.29",32.7,29.1,18.8,"0.284","0.421","0.331",38.9
"Muñoz, Andrés",662253,"SEA","SL","Slider",3.7,8,"215",51.7,"55","0.077","0.077","0.109",52.8,45.5,31.6,"0.132","0.192","0.159",25
"Freeland, Kyle",607536,"COL","CU","Curveball",0.4,1,"210",21.5,"54","0.235","0.275","0.252",38.1,29.6,17.6,"0.187","0.233","0.211",37.1
"Soroka, Michael",647336,"WSH","FF","4-Seam Fastball",-1.1,-3,"229",45,"54","0.28","0.64","0.422",20.5,16.7,14.5,"0.27","0.491","0.351",48.8
"Walker, Ryan",676254,"SF","SI","Sinker",0.2,0,"224",61.5,"54","0.306","0.388","0.34",9.5,22.2,23.5,"0.263","0.352","0.299",31.6
"Mikolas, Miles",571945,"STL","FF","4-Seam Fastball",0.3,1,"239",27.8,"54","0.313","0.438","0.368",14.7,11.1,9.8,"0.303","0.685","0.445",54.8
"Ginn, J.T.",669372,"ATH","SI","Sinker",0.1,0,"186",55.5,"54","0.292","0.458","0.365",16.4,22.2,20.3,"0.313","0.506","0.388",55.6
"Lee, Dylan",669276,"ATL","SL","Slider",2.8,6,"224",57,"54","0.098","0.275","0.183",42.9,35.2,25,"0.135","0.285","0.206",31.3
"Megill, Tylor",656731,"NYM","SL","Slider",-0.2,0,"248",23.2,"54","0.229","0.25","0.269",48.2,40.7,22.7,"0.192","0.244","0.26",46.2
"Quantrill, Cal",615698,"MIA","FS","Split-Finger",0.4,1,"201",23.4,"54","0.216","0.235","0.238",20.9,14.8,10.4,"0.261","0.333","0.282",32.6
"Kochanowicz, Jack",686799,"LAA","FF","4-Seam Fastball",-0.3,-1,"195",19,"54","0.2","0.356","0.314",22.6,27.8,19.7,"0.239","0.473","0.366",56.7
"Mears, Nick",683232,"MIL","FF","4-Seam Fastball",0.7,1,"209",58.2,"54","0.216","0.373","0.285",13.4,16.7,11.1,"0.351","0.586","0.409",51.2
"Nola, Aaron",605400,"PHI","SI","Sinker",0.7,1,"176",20.4,"54","0.286","0.327","0.311",11.7,24.1,21,"0.264","0.33","0.298",50
"Beeks, Jalen",656222,"AZ","CH","Changeup",3.9,8,"205",42.5,"54","0.06","0.06","0.102",36.4,29.6,20.5,"0.154","0.193","0.191",14.7
"Alcantara, Sandy",645261,"MIA","CH","Changeup",-0.8,-2,"240",23.4,"54","0.234","0.34","0.307",33.3,13,10.8,"0.237","0.338","0.305",22.5
"Rodríguez, Manuel",655889,"TB","SL","Slider",3.5,6,"186",49.6,"54","0.16","0.2","0.175",28.2,22.2,21.1,"0.231","0.338","0.26",37.5
"Suarez, Robert",663158,"SD","FF","4-Seam Fastball",2.8,6,"228",58.2,"54","0.146","0.188","0.198",18,25.9,21.5,"0.242","0.492","0.347",54.3
"Montgomery, Mason",682254,"TB","FF","4-Seam Fastball",-3,-6,"194",59.3,"54","0.31","0.524","0.445",23.2,24.1,23.2,"0.278","0.492","0.404",40
"Kranick, Max",668820,"NYM","SL","Slider",2.3,4,"183",38.9,"53","0.216","0.353","0.261",15.2,9.4,15.2,"0.296","0.507","0.355",47.8
"Montero, Rafael",606160,"ATL","FS","Split-Finger",-0.6,-1,"197",46.8,"53","0.205","0.318","0.306",37.8,24.5,16.7,"0.194","0.285","0.289",29
"Myers, Tobias",668964,"MIL","FF","4-Seam Fastball",-1.2,-2,"179",48.6,"53","0.333","0.467","0.388",14.1,17,18.8,"0.277","0.451","0.358",43.2
"Newcomb, Sean",656794,"ATH","FF","4-Seam Fastball",1.3,3,"229",27.7,"53","0.25","0.313","0.291",25.2,37.7,29.9,"0.226","0.399","0.306",46.4
"Ortiz, Luis L.",682847,"CLE","SI","Sinker",2.8,5,"161",15.7,"53","0.255","0.255","0.269",14.8,18.9,38.5,"0.296","0.366","0.302",58.5
"Warren, Will",701542,"NYY","ST","Sweeper",-0.4,-1,"238",24.6,"53","0.333","0.489","0.394",35.6,24.5,16.3,"0.253","0.427","0.338",39.4
"Díaz, Edwin",621242,"NYM","FF","4-Seam Fastball",1.9,4,"211",51.3,"53","0.098","0.171","0.221",37.8,37.7,33.3,"0.157","0.272","0.297",43.5
"Parker, Mitchell",680730,"WSH","FS","Split-Finger",-1.3,-2,"187",17.9,"53","0.265","0.49","0.342",27.9,15.1,11.1,"0.278","0.472","0.34",40.5
"Whitlock, Garrett",676477,"BOS","SI","Sinker",-0.2,0,"252",45.9,"52","0.31","0.429","0.38",32.2,23.1,17.4,"0.252","0.459","0.363",45.2
"Feltner, Ryan",663372,"COL","FF","4-Seam Fastball",-0.1,0,"195",37.4,"52","0.311","0.378","0.346",15.2,9.6,9.4,"0.251","0.33","0.312",42.5
"Pivetta, Nick",601713,"SD","CU","Curveball",1.8,4,"195",20.3,"52","0.2","0.24","0.204",14.8,25,20,"0.252","0.424","0.294",31.6
"Harris, Hogan",663687,"ATH","FF","4-Seam Fastball",0.1,0,"199",54.8,"52","0.244","0.341","0.352",20,23.1,19,"0.279","0.417","0.376",36.7
"Wesneski, Hayden",669713,"HOU","FF","4-Seam Fastball",-0.3,-1,"182",35.8,"52","0.289","0.511","0.382",15.5,17.3,16.1,"0.285","0.519","0.381",43.2
"Kelly, Merrill",518876,"AZ","FF","4-Seam Fastball",-1.3,-4,"274",25.3,"52","0.271","0.729","0.432",20.4,23.1,21.1,"0.263","0.629","0.397",50
"Rodriguez, Eduardo",593958,"AZ","CH","Changeup",-3.2,-5,"161",20.7,"52","0.354","0.604","0.422",27.2,15.4,21.1,"0.305","0.507","0.358",28.6
"Soriano, José",667755,"LAA","CU","Curveball",0.7,2,"287",26,"52","0.188","0.208","0.251",35,28.8,19,"0.177","0.24","0.22",9.1
"Horton, Cade",690990,"CHC","FF","4-Seam Fastball",-0.5,-1,"207",50.7,"52","0.333","0.438","0.352",10.2,11.5,13.3,"0.328","0.521","0.376",39.5
"Junis, Jakob",596001,"CLE","SL","Slider",0.5,1,"220",48.6,"52","0.26","0.36","0.273",30.9,26.9,20,"0.257","0.404","0.287",35.1
"Peterson, David",656849,"NYM","FF","4-Seam Fastball",-0.5,-1,"247",23.8,"52","0.304","0.5","0.379",21.3,23.1,16,"0.345","0.585","0.425",48.6
"Freeland, Kyle",607536,"COL","SI","Sinker",-1.3,-2,"153",15.7,"52","0.426","0.574","0.457",9.2,0,0,"0.396","0.615","0.452",39.6
"Lugo, Seth",607625,"KC","FF","4-Seam Fastball",-1.1,-2,"224",24,"51","0.239","0.565","0.364",14.8,13.7,10,"0.314","0.684","0.441",50
"Ober, Bailey",641927,"MIN","SL","Slider",-1.8,-3,"168",16.6,"51","0.348","0.587","0.446",26.3,11.8,13.6,"0.338","0.527","0.402",50
"Cabrera, Edward",665795,"MIA","CH","Changeup",-1.4,-3,"198",25.1,"51","0.277","0.362","0.329",28.9,31.4,22.9,"0.27","0.39","0.315",48.4
"Kikuchi, Yusei",579328,"LAA","CH","Changeup",-1,-2,"170",13.9,"51","0.24","0.34","0.261",25.6,25.5,18.3,"0.257","0.441","0.305",35.1
"Zerpa, Angel",672582,"KC","SI","Sinker",1.3,2,"193",44.5,"51","0.277","0.404","0.333",3.4,13.7,11.1,"0.267","0.373","0.31",42.5
"Wheeler, Zack",554430,"PHI","SI","Sinker",-2.4,-4,"183",15.3,"51","0.354","0.688","0.464",14.6,23.5,24.5,"0.278","0.498","0.352",33.3
"Montero, Keider",672456,"DET","FF","4-Seam Fastball",-2.2,-4,"192",29.2,"51","0.37","0.543","0.425",15.6,13.7,14.3,"0.33","0.531","0.399",33.3
"Peralta, Wandy",593974,"SD","SI","Sinker",-0.4,-1,"169",42.1,"51","0.268","0.366","0.381",17.8,13.7,17.1,"0.317","0.509","0.408",40
"Bazardo, Eduard",660825,"SEA","SL","Slider",2.4,6,"233",46.8,"51","0.146","0.208","0.172",21,15.7,11.3,"0.189","0.264","0.217",22
"Cantillo, Joey",676282,"CLE","FF","4-Seam Fastball",-3.3,-7,"212",41,"51","0.295","0.682","0.465",12.2,25.5,24.1,"0.301","0.65","0.441",61.3
"Bibee, Tanner",676440,"CLE","SI","Sinker",0.7,1,"164",14.2,"51","0.271","0.396","0.319",11.3,23.5,26.1,"0.214","0.321","0.258",38.9
"Gray, Sonny",543243,"STL","FF","4-Seam Fastball",0.2,0,"205",19.5,"51","0.37","0.5","0.411",18.6,5.9,11.5,"0.426","0.673","0.492",51.2
"Schwellenbach, Spencer",680885,"ATL","FS","Split-Finger",2.5,4,"158",14.4,"51","0.143","0.163","0.158",36.4,37.3,21.6,"0.226","0.278","0.237",40
"Anderson, Grant",681982,"MIL","ST","Sweeper",2.9,6,"202",40.2,"50","0.087","0.152","0.172",31.3,24,20.7,"0.195","0.303","0.239",22.9
"Hoglund, Gunnar",680684,"ATH","FF","4-Seam Fastball",0.2,0,"195",35.6,"50","0.233","0.558","0.366",17.2,12,10.9,"0.345","0.765","0.481",55.3
"Povich, Cade",700249,"BAL","CU","Curveball",-2,-4,"188",20.6,"50","0.261","0.457","0.381",28.7,24,19.4,"0.232","0.472","0.329",47.1
"Smith, Shane",681343,"CWS","SL","Slider",-0.5,-1,"173",17.4,"50","0.234","0.426","0.34",23.6,22,19.6,"0.221","0.354","0.271",41.7
"Cantillo, Joey",676282,"CLE","CH","Changeup",0.5,1,"191",36.9,"50","0.186","0.256","0.281",46.9,32,28.6,"0.202","0.24","0.262",22.2
"Wilson, Bryse",669060,"CWS","SI","Sinker",0.9,2,"188",24.1,"50","0.298","0.404","0.33",9.1,14,18.4,"0.33","0.467","0.365",47.5
"Lucas, Easton",687922,"TOR","FF","4-Seam Fastball",1,2,"182",49.5,"50","0.233","0.372","0.321",26.4,28,20.9,"0.241","0.483","0.36",55.2
"Beeks, Jalen",656222,"AZ","FF","4-Seam Fastball",-2.1,-5,"214",44.4,"50","0.372","0.605","0.476",23.1,14,13.5,"0.32","0.518","0.406",52.8
"García, Luis",472610,"LAD","SI","Sinker",-1,-2,"172",37.1,"50","0.378","0.622","0.458",13.3,10,14.7,"0.364","0.557","0.418",58.5
"Legumina, Casey",668984,"SEA","FF","4-Seam Fastball",-1.2,-2,"195",57.9,"50","0.282","0.462","0.397",26,18,15.8,"0.256","0.417","0.372",41.9
"Kremer, Dean",665152,"BAL","SI","Sinker",0.9,2,"206",18.6,"50","0.279","0.419","0.357",8.2,18,18.8,"0.284","0.475","0.376",41.2
"Murdock, Noah",668716,"ATH","SI","Sinker",-1.3,-3,"209",53.3,"50","0.308","0.41","0.415",19.3,22,18.6,"0.235","0.349","0.353",35.7
"Gaddis, Hunter",683769,"CLE","SL","Slider",1.3,3,"216",52.3,"50","0.217","0.304","0.256",39.1,36,21.4,"0.206","0.318","0.254",31
"Casparius, Ben",676508,"LAD","ST","Sweeper",1.2,2,"193",32.3,"50","0.204","0.245","0.226",30.9,38,20.4,"0.244","0.324","0.254",30
"Santana, Dennis",642701,"PIT","SL","Slider",2,4,"181",50.1,"50","0.17","0.191","0.211",37.8,30,21.4,"0.187","0.295","0.235",28.1
"Rogers, Taylor",573124,"CIN","SI","Sinker",0.1,0,"178",51.4,"49","0.25","0.325","0.297",12.3,12.2,12.2,"0.298","0.498","0.377",45.9
"Alvarado, José",621237,"PHI","SI","Sinker",0.6,1,"214",63.3,"49","0.319","0.426","0.345",11.5,18.4,18.8,"0.285","0.463","0.331",59
"Cabrera, Edward",665795,"MIA","SI","Sinker",-0.2,0,"192",24.4,"49","0.333","0.556","0.396",8.4,4.1,6.1,"0.324","0.571","0.406",41.9
"Abreu, Bryan",650556,"HOU","FF","4-Seam Fastball",1.4,3,"224",51.1,"49","0.167","0.214","0.243",36.1,22.4,20.8,"0.311","0.524","0.404",58.1
"Woods Richardson, Simeon",680573,"MIN","SL","Slider",-0.6,-1,"182",26.6,"49","0.283","0.478","0.334",20.9,22.4,15.3,"0.245","0.449","0.304",33.3
"Blewett, Scott",656240,"ATL","SL","Slider",0.1,0,"153",41.8,"49","0.267","0.356","0.307",40.5,24.5,30,"0.207","0.274","0.247",39.4
"Mlodzinski, Carmen",669387,"PIT","SL","Slider",0.1,0,"162",23.6,"49","0.354","0.458","0.382",17.4,12.2,12,"0.361","0.527","0.387",50
"Peralta, Wandy",593974,"SD","CH","Changeup",0.9,1,"162",40.4,"49","0.208","0.313","0.235",37.5,24.5,22.6,"0.217","0.348","0.251",30.6
"Helsley, Ryan",664854,"STL","FF","4-Seam Fastball",-0.8,-1,"166",46.4,"49","0.359","0.385","0.393",19.3,14.3,17.5,"0.318","0.413","0.387",57.6
"Vasil, Mike",678024,"CWS","SI","Sinker",2.3,4,"174",31.8,"48","0.209","0.209","0.247",16.5,16.7,26.7,"0.217","0.255","0.258",25.7
"Keller, Brad",641745,"CHC","FF","4-Seam Fastball",2.4,5,"202",44.1,"48","0.25","0.273","0.272",17.8,22.9,20.8,"0.211","0.309","0.263",33.3
"Senga, Kodai",673540,"NYM","FC","Cutter",1.3,3,"207",20.9,"48","0.238","0.286","0.346",20,4.2,10,"0.276","0.348","0.324",47.5
"Dobbins, Hunter",690928,"BOS","SL","Slider",-0.1,0,"189",27.7,"48","0.298","0.511","0.352",30.4,16.7,25,"0.353","0.626","0.422",59
"Adam, Jason",592094,"SD","CH","Changeup",1.3,2,"167",34.6,"48","0.15","0.25","0.278",34.1,25,23.5,"0.171","0.343","0.296",39.3
"Miller, Mason",695243,"ATH","FF","4-Seam Fastball",-0.5,-1,"197",58.3,"48","0.25","0.6","0.403",36.1,37.5,31,"0.225","0.526","0.371",65.2
"De Los Santos, Enyel",660853,"ATL","FF","4-Seam Fastball",-0.1,0,"181",43.2,"48","0.279","0.442","0.37",19.4,22.9,20.8,"0.294","0.559","0.394",53.1
"Banda, Anthony",607455,"LAD","SL","Slider",0.5,1,"198",45.9,"48","0.143","0.238","0.23",42.4,31.3,26.3,"0.175","0.387","0.294",33.3
"Díaz, Edwin",621242,"NYM","SL","Slider",0.2,0,"200",48.7,"48","0.227","0.341","0.302",41.8,39.6,31.1,"0.153","0.205","0.2",28
"Alexander, Tyler",641302,"MIL","FF","4-Seam Fastball",0.8,1,"169",27,"48","0.209","0.326","0.279",15.8,16.7,13.8,"0.249","0.47","0.345",54.3
"Jax, Griffin",643377,"MIN","ST","Sweeper",0.6,1,"195",43,"48","0.292","0.354","0.303",38.3,43.8,28,"0.238","0.329","0.245",40.7
"Skenes, Paul",694973,"PIT","ST","Sweeper",2,4,"202",15.8,"48","0.128","0.191","0.169",30.7,33.3,20,"0.166","0.241","0.186",19.4
"Orze, Eric",679358,"TB","FS","Split-Finger",1,2,"158",46.3,"48","0.227","0.25","0.253",23.8,22.9,18,"0.23","0.346","0.284",30.3
"Pérez, Cionel",672335,"BAL","SI","Sinker",-3.7,-7,"187",42.8,"48","0.387","0.581","0.533",15.6,8.3,9.1,"0.226","0.337","0.398",53.6
"Leasure, Jordan",673929,"CWS","FF","4-Seam Fastball",-2.5,-5,"214",55,"48","0.268","0.634","0.406",21.7,25,18.8,"0.239","0.533","0.363",43.3
"Olson, Reese",681857,"DET","CH","Changeup",2.3,5,"203",25.3,"48","0.111","0.2","0.17",50.5,43.8,30.9,"0.152","0.24","0.201",29.2
"Henry, Cole",669371,"WSH","FF","4-Seam Fastball",2.2,4,"164",47.8,"47","0.132","0.237","0.261",33.8,34,31.4,"0.137","0.282","0.276",36.4
"Varland, Louis",686973,"MIN","FF","4-Seam Fastball",3.8,7,"192",48.2,"47","0.171","0.195","0.205",18.8,23.4,25.6,"0.224","0.316","0.268",56.3
"Strider, Spencer",675911,"ATL","FF","4-Seam Fastball",-2,-4,"187",53.9,"47","0.3","0.625","0.434",14,10.6,11.1,"0.304","0.648","0.443",51.4
"Bido, Osvaldo",674370,"ATH","SL","Slider",-0.8,-1,"171",22.5,"47","0.225","0.45","0.317",31,23.4,16.9,"0.258","0.545","0.368",41.9
"Eovaldi, Nathan",543135,"TEX","CU","Curveball",2.6,6,"228",21.4,"47","0.093","0.093","0.174",45.2,36.2,21.8,"0.151","0.219","0.204",23.1
"Baker, Bryan",641329,"BAL","FF","4-Seam Fastball",0.6,1,"213",51.4,"47","0.209","0.419","0.301",30.7,38.3,26.9,"0.257","0.548","0.368",64
"Walker, Taijuan",592836,"PHI","FC","Cutter",1.5,3,"206",27.3,"47","0.205","0.385","0.338",19.1,19.1,29,"0.182","0.272","0.271",35.5
"Merryweather, Julian",657240,"CHC","FF","4-Seam Fastball",-2.1,-4,"169",47.9,"47","0.342","0.605","0.445",11.4,8.5,10.8,"0.364","0.596","0.477",54.3
"Keller, Mitch",656605,"PIT","SL","Slider",-0.6,-1,"168",15.1,"47","0.31","0.429","0.361",29.1,19.1,20,"0.332","0.457","0.378",51.5
"Brieske, Beau",689225,"DET","FF","4-Seam Fastball",1.4,3,"184",49.2,"47","0.25","0.3","0.281",22,21.3,24.4,"0.19","0.309","0.288",50
"Bednar, David",670280,"PIT","FF","4-Seam Fastball",-1.3,-2,"160",49.7,"47","0.317","0.585","0.407",23.6,25.5,24,"0.281","0.58","0.392",50
"Williams, Gavin",668909,"CLE","CU","Curveball",-0.6,-1,"206",18.5,"47","0.158","0.237","0.277",31.2,34,17.8,"0.256","0.368","0.339",30.4
"Valdez, Framber",664285,"HOU","CH","Changeup",-0.4,-1,"192",17.4,"46","0.222","0.467","0.298",31.6,28.3,22.8,"0.229","0.475","0.305",50
"Mey, Luis",682825,"CIN","SI","Sinker",1,2,"193",78.8,"46","0.158","0.342","0.279",24.4,21.7,19.6,"0.225","0.404","0.351",48.3
"Eovaldi, Nathan",543135,"TEX","FC","Cutter",3.2,6,"203",19.1,"46","0.174","0.304","0.203",22.7,23.9,23.9,"0.27","0.558","0.348",40
"Brown, Hunter",686613,"HOU","CH","Changeup",0.6,1,"159",13.9,"46","0.19","0.381","0.28",24.7,23.9,20.8,"0.253","0.414","0.321",32.3
"Severino, Luis",622663,"ATH","FC","Cutter",0.2,0,"226",18,"46","0.3","0.35","0.361",21.4,4.3,11.1,"0.309","0.401","0.357",34.2
"Corbin, Patrick",571578,"TEX","FC","Cutter",-0.6,-1,"173",20,"46","0.225","0.575","0.378",17,10.9,14.7,"0.275","0.532","0.387",31.4
"Soroka, Michael",647336,"WSH","SV","Slurve",1.3,2,"179",35.2,"46","0.186","0.395","0.273",26,32.6,24.6,"0.203","0.283","0.241",32.1
"Chivilli, Angel",683409,"COL","CH","Changeup",-1.4,-3,"203",41.5,"46","0.238","0.405","0.332",37.3,21.7,15.9,"0.23","0.416","0.311",31.3
"Kremer, Dean",665152,"BAL","CU","Curveball",-1.3,-2,"163",14.8,"46","0.318","0.545","0.352",21.5,10.9,13.9,"0.274","0.45","0.308",34.1
"Zeferjahn, Ryan",666171,"LAA","FC","Cutter",0.2,0,"214",51.1,"45","0.289","0.5","0.393",33.9,26.7,26.7,"0.308","0.58","0.425",61.5
"Newcomb, Sean",656794,"ATH","SV","Slurve",0.5,1,"164",19.9,"45","0.22","0.317","0.265",26.3,42.2,22.1,"0.184","0.258","0.237",30.4
"Spence, Mitch",687765,"ATH","SL","Slider",0.8,1,"179",27.8,"45","0.231","0.359","0.312",39.1,24.4,23.4,"0.223","0.345","0.304",28.6
"Bivens, Spencer",702352,"SF","SI","Sinker",-1.6,-3,"160",36.9,"45","0.316","0.526","0.413",7.4,13.3,19.4,"0.261","0.465","0.368",37.5
"Bachar, Lake",669199,"MIA","FF","4-Seam Fastball",-1,-2,"169",39.1,"45","0.265","0.559","0.416",20.8,15.6,18.4,"0.263","0.57","0.425",64.3
"Quantrill, Cal",615698,"MIA","FC","Cutter",1.3,2,"172",20,"45","0.275","0.425","0.346",23.3,28.9,25.5,"0.237","0.382","0.314",44.4
"López, Pablo",641154,"MIN","ST","Sweeper",3,6,"195",19.4,"45","0.136","0.136","0.136",30.9,33.3,16.7,"0.204","0.255","0.211",17.2
"Bird, Jake",656234,"COL","SL","Slider",2,4,"220",39.4,"45","0.175","0.25","0.261",34,35.6,26.7,"0.132","0.182","0.197",16.7
"Alcala, Jorge",660896,"MIN","FF","4-Seam Fastball",0.4,1,"193",47,"45","0.167","0.389","0.324",30.9,31.1,21.5,"0.127","0.308","0.284",31.8
"Pallante, Andre",669467,"STL","SI","Sinker",-1.2,-2,"152",14.5,"45","0.341","0.463","0.382",16.7,11.1,12.5,"0.274","0.383","0.32",25
"Sasaki, Roki",808963,"LAD","FS","Split-Finger",-0.5,-1,"196",32.9,"45","0.158","0.237","0.252",35,31.1,16.5,"0.189","0.276","0.277",41.7
"Anderson, Tyler",542881,"LAA","FC","Cutter",-0.1,0,"238",21.1,"45","0.25","0.4","0.293",16.8,4.4,3.6,"0.261","0.389","0.302",32.5
"Scott, Tanner",656945,"LAD","SL","Slider",2,4,"191",45.9,"45","0.238","0.238","0.252",39.2,35.6,21.9,"0.171","0.198","0.197",32
"Leiter, Jack",683004,"TEX","SI","Sinker",2.5,4,"175",22.6,"45","0.214","0.262","0.242",17.3,17.8,23.5,"0.335","0.532","0.392",50
"Martinez, Nick",607259,"CIN","SI","Sinker",-1.6,-3,"160",15.4,"45","0.317","0.512","0.406",9.5,8.9,11.8,"0.263","0.368","0.31",32.4
"Williams, Devin",642207,"NYY","FF","4-Seam Fastball",-1,-2,"203",46.3,"45","0.265","0.382","0.382",34.9,31.1,23,"0.217","0.314","0.343",40
"Bibee, Tanner",676440,"CLE","ST","Sweeper",1.2,2,"192",16.7,"45","0.167","0.333","0.263",26,26.7,14.8,"0.177","0.316","0.242",36.7
"Brazobán, Huascar",623211,"NYM","SI","Sinker",3.2,6,"189",35.7,"44","0.135","0.135","0.217",16.5,15.9,28,"0.205","0.257","0.258",36.4
"Holmes, Clay",605280,"NYM","ST","Sweeper",0.2,0,"186",17.5,"44","0.175","0.275","0.259",25.4,31.8,22.2,"0.189","0.259","0.239",30.8
"Ragans, Cole",666142,"KC","CH","Changeup",0.4,1,"157",19.7,"44","0.205","0.409","0.258",51.8,38.6,32.7,"0.143","0.229","0.158",25.9
"Nola, Aaron",605400,"PHI","FF","4-Seam Fastball",-3.4,-7,"220",25.5,"44","0.3","0.85","0.487",14.8,18.2,12.7,"0.334","0.815","0.493",48.5
"Olson, Reese",681857,"DET","SL","Slider",0.9,2,"189",23.6,"44","0.244","0.341","0.285",45.1,27.3,19,"0.242","0.343","0.282",48.3
"Keller, Mitch",656605,"PIT","SI","Sinker",0.4,1,"172",15.5,"44","0.3","0.425","0.35",9.5,13.6,18.8,"0.254","0.315","0.288",50
"Hancock, Emerson",676106,"SEA","CH","Changeup",-1.9,-3,"165",23.3,"44","0.231","0.462","0.323",24.7,18.2,14.8,"0.288","0.541","0.376",31.3
"Ashcraft, Graham",668933,"CIN","SL","Slider",1.8,3,"182",37.4,"44","0.186","0.233","0.184",39.4,47.7,27.3,"0.134","0.159","0.127",30.4
"Uceta, Edwin",670955,"TB","CH","Changeup",-0.3,0,"151",37.8,"44","0.262","0.381","0.282",26.6,18.2,13.6,"0.362","0.627","0.451",45.7
"Webb, Jacob",657097,"TEX","FF","4-Seam Fastball",-1.2,-2,"167",42.1,"44","0.273","0.455","0.422",22.4,20.5,19.6,"0.257","0.427","0.385",48
"Kelly, Merrill",518876,"AZ","FC","Cutter",2.3,5,"198",18.3,"44","0.095","0.262","0.172",19.3,27.3,32.4,"0.245","0.54","0.344",46.7
"Weathers, Ryan",677960,"MIA","FF","4-Seam Fastball",0.4,1,"170",48.7,"44","0.211","0.316","0.313",20,13.6,13.6,"0.201","0.323","0.288",37.5
"Casparius, Ben",676508,"LAD","FF","4-Seam Fastball",1.7,3,"195",32.7,"44","0.175","0.325","0.24",36.6,34.1,25.4,"0.206","0.425","0.289",30.8
"Bibee, Tanner",676440,"CLE","FC","Cutter",-0.1,0,"232",20.2,"43","0.25","0.55","0.36",27.8,7,7.9,"0.229","0.482","0.327",43.2
"Stratton, Chris",608717,"LAD","FF","4-Seam Fastball",-3,-5,"158",40.4,"43","0.375","0.594","0.493",25.8,14,17.1,"0.257","0.474","0.408",33.3
"Kremer, Dean",665152,"BAL","FS","Split-Finger",-1.4,-3,"190",17.2,"43","0.286","0.5","0.343",23.1,16.3,9.5,"0.249","0.415","0.292",25.7
"Sugano, Tomoyuki",608372,"BAL","FF","4-Seam Fastball",-0.5,-1,"174",16.5,"43","0.256","0.513","0.359",16.9,20.9,17.3,"0.252","0.494","0.35",36.7
"Rodríguez, Yariel",684320,"TOR","SL","Slider",2.4,4,"168",35.9,"43","0.122","0.366","0.206",38.8,39.5,25.8,"0.129","0.332","0.214",28
"Bender, Anthony",669622,"MIA","ST","Sweeper",2.6,4,"166",44.3,"43","0.1","0.175","0.158",25.4,25.6,23.4,"0.142","0.249","0.203",31
"Little, Brendon",663893,"TOR","SI","Sinker",0.1,0,"210",46.7,"43","0.25","0.389","0.386",37.3,11.6,31.3,"0.3","0.472","0.39",45.2
"Warren, Will",701542,"NYY","SI","Sinker",-0.5,-1,"183",18.9,"43","0.341","0.512","0.384",11.6,18.6,30.8,"0.344","0.513","0.382",72.7
"Lugo, Seth",607625,"KC","CU","Curveball",0.7,1,"199",21.3,"43","0.268","0.293","0.271",20.7,16.3,11.5,"0.302","0.377","0.313",52.9
"Green, Chad",643338,"TOR","SL","Slider",-2.4,-4,"177",45.5,"43","0.256","0.564","0.377",26.5,18.6,13.8,"0.311","0.62","0.422",45.2
"Parker, Mitchell",680730,"WSH","CU","Curveball",-0.5,-1,"191",18.3,"43","0.293","0.415","0.324",28,27.9,18.8,"0.28","0.459","0.334",44.8
"Booser, Cam",592155,"CWS","FF","4-Seam Fastball",1.2,2,"180",50.6,"43","0.222","0.306","0.312",28,27.9,21.4,"0.171","0.281","0.278",56
"Wheeler, Zack",554430,"PHI","ST","Sweeper",2.1,3,"159",13.3,"43","0.143","0.286","0.192",31.6,30.2,24.1,"0.228","0.4","0.274",34.5
"Gallen, Zac",668678,"AZ","CH","Changeup",1.2,2,"172",13.9,"43","0.158","0.184","0.242",31.3,9.3,8.7,"0.219","0.327","0.288",44.1
"Pfaadt, Brandon",694297,"AZ","CH","Changeup",0.8,1,"184",17.5,"43","0.225","0.325","0.271",29,7,6.8,"0.347","0.574","0.414",29.7
"Boyd, Matthew",571510,"CHC","SL","Slider",-1,-2,"176",17.4,"43","0.216","0.324","0.299",34.6,37.2,18.2,"0.204","0.268","0.273",28.6
"Burke, Brock",656271,"LAA","FF","4-Seam Fastball",1.5,3,"188",46.1,"42","0.229","0.4","0.313",22.8,21.4,15.5,"0.267","0.626","0.414",57.1
"Bellozo, Valente",678368,"MIA","FC","Cutter",-2.1,-4,"186",35,"42","0.371","0.629","0.456",19.3,11.9,13.2,"0.306","0.604","0.419",45.2
"Wilson, Steven",621051,"CWS","ST","Sweeper",2.3,4,"161",57.3,"42","0.108","0.243","0.195",25.4,16.7,15.6,"0.219","0.469","0.325",32.3
"Berríos, José",621244,"TOR","FF","4-Seam Fastball",-2.2,-5,"209",19.8,"42","0.4","0.6","0.493",16.3,14.3,13,"0.298","0.474","0.383",53.3
"Knack, Landon",689017,"LAD","CH","Changeup",2.9,5,"165",26.1,"42","0.122","0.171","0.14",36.4,35.7,20,"0.162","0.259","0.192",38.5
"Leasure, Jordan",673929,"CWS","SL","Slider",1.4,2,"163",41.9,"42","0.211","0.368","0.289",44,33.3,29.2,"0.192","0.29","0.254",37.5
"Yarbrough, Ryan",642232,"NYY","SI","Sinker",2,3,"153",23,"42","0.237","0.395","0.312",16.2,19,20.5,"0.321","0.446","0.365",50
"Fried, Max",608331,"NYY","CU","Curveball",-0.4,-1,"159",14.1,"42","0.238","0.357","0.257",29.8,40.5,25.8,"0.178","0.336","0.218",28
"Walker, Taijuan",592836,"PHI","FS","Split-Finger",-0.4,-1,"165",21.9,"42","0.231","0.333","0.298",17.6,16.7,14.3,"0.269","0.345","0.297",31.3
"Falter, Bailey",663559,"PIT","SL","Slider",-1.2,-2,"185",18.9,"42","0.225","0.475","0.335",26.7,23.8,20.8,"0.261","0.486","0.333",46.7
"Abbott, Andrew",671096,"CIN","CH","Changeup",2.2,4,"164",20.7,"42","0.103","0.231","0.179",27.9,26.2,21.2,"0.193","0.401","0.283",25
"Bowman, Matt",621199,"BAL","SI","Sinker",1.6,2,"150",44.2,"42","0.205","0.41","0.312",15.1,19,16.3,"0.226","0.375","0.288",35.5
"Bautista, Félix",642585,"BAL","SI","Sinker",-1.9,-3,"180",53.1,"42","0.241","0.517","0.436",16.9,11.9,15.6,"0.272","0.542","0.452",58.3
"Domínguez, Seranthony",622554,"BAL","FF","4-Seam Fastball",-1.9,-3,"174",48.3,"42","0.258","0.613","0.45",28.6,23.8,26.3,"0.237","0.508","0.414",38.1
"Cannon, Jonathan",686563,"CWS","FF","4-Seam Fastball",-1.6,-3,"177",16.2,"42","0.231","0.436","0.333",22,28.6,13.6,"0.194","0.336","0.258",37
"Yamamoto, Yoshinobu",808967,"LAD","CU","Curveball",-0.9,-2,"208",18.6,"41","0.278","0.389","0.362",38,29.3,24,"0.258","0.408","0.336",37.5
"Henderson, Logan",701656,"MIL","FF","4-Seam Fastball",1.2,2,"158",47.3,"41","0.184","0.342","0.259",29.1,46.3,32.8,"0.195","0.362","0.269",31.6
"Bello, Brayan",678394,"BOS","ST","Sweeper",-0.4,-1,"219",26.3,"41","0.235","0.412","0.332",24.1,29.3,14.6,"0.25","0.59","0.397",47.8
"Sugano, Tomoyuki",608372,"BAL","FC","Cutter",1.9,3,"168",15.9,"41","0.184","0.342","0.259",8.5,4.9,9.5,"0.284","0.502","0.361",36.1
"Duran, Jhoan",661395,"MIN","FS","Split-Finger",3.9,6,"154",35.6,"41","0.162","0.189","0.209",33.3,19.5,23.5,"0.198","0.256","0.247",34.5
"Bassitt, Chris",605135,"TOR","CU","Curveball",1.2,2,"181",16.1,"41","0.189","0.27","0.249",35.9,24.4,15.6,"0.203","0.322","0.27",22.2
"Strahm, Matt",621381,"PHI","FF","4-Seam Fastball",-1.2,-2,"167",40.3,"41","0.229","0.4","0.315",28.9,46.3,27.1,"0.165","0.299","0.261",47.1
"De Los Santos, Enyel",660853,"ATL","SL","Slider",2,4,"179",42.7,"41","0.158","0.211","0.2",43,31.7,23.6,"0.173","0.282","0.23",32
"Chapman, Aroldis",547973,"BOS","FF","4-Seam Fastball",0.7,1,"177",48,"41","0.222","0.306","0.332",28,9.8,16,"0.252","0.455","0.347",43.8
"McCullers Jr., Lance",621121,"HOU","SL","Slider",-1.6,-3,"162",32.7,"41","0.242","0.394","0.378",27.7,31.7,22,"0.192","0.331","0.317",45
"Halvorsen, Seth",678020,"COL","FF","4-Seam Fastball",-0.2,0,"181",48,"41","0.294","0.412","0.383",31.6,19.5,24.2,"0.265","0.372","0.349",46.2
"Doval, Camilo",666808,"SF","FC","Cutter",3.3,6,"167",43.8,"41","0.063","0.063","0.185",17.2,14.6,23.1,"0.212","0.299","0.316",33.3
"Yates, Kirby",489446,"LAD","FF","4-Seam Fastball",1.2,2,"164",48.5,"40","0.216","0.514","0.333",33.7,37.5,30.6,"0.188","0.425","0.29",45.5
"Soto, Gregory",642397,"BAL","SI","Sinker",0.9,1,"161",48.8,"40","0.257","0.343","0.329",15.7,15,17.6,"0.247","0.326","0.294",50
"Peralta, Freddy",642547,"MIL","CU","Curveball",-0.6,-1,"175",14.1,"40","0.237","0.368","0.283",38.9,37.5,18.5,"0.196","0.279","0.229",30.4
"Bivens, Spencer",702352,"SF","FC","Cutter",0.3,0,"160",36.9,"40","0.243","0.432","0.316",23.1,20,17.8,"0.256","0.491","0.343",37.9
"Meyer, Max",676974,"MIA","CH","Changeup",-0.5,-1,"180",17.3,"40","0.211","0.368","0.314",21.3,17.5,16.3,"0.232","0.398","0.29",32.3
"Yates, Kirby",489446,"LAD","FS","Split-Finger",-1.4,-2,"174",51.5,"40","0.278","0.528","0.374",42.9,40,26.2,"0.227","0.297","0.274",45
"Leiter Jr., Mark",643410,"NYY","SI","Sinker",1.4,2,"153",37.1,"39","0.278","0.361","0.335",12.3,15.4,31.6,"0.297","0.353","0.315",23.3
"Burke, Sean",680732,"CWS","CU","Curveball",0,0,"179",17.6,"39","0.263","0.447","0.336",18.5,12.8,11.4,"0.365","0.682","0.449",42.4
"Gilbert, Logan",669302,"SEA","SL","Slider",1,2,"161",32.3,"39","0.237","0.421","0.291",43,23.1,20,"0.296","0.479","0.339",41.4
"Bibee, Tanner",676440,"CLE","CH","Changeup",-3.2,-5,"155",13.5,"39","0.29","0.548","0.408",40,30.8,18.2,"0.216","0.429","0.343",20
"Rodríguez, Randy",678495,"SF","FF","4-Seam Fastball",2.3,5,"197",52.8,"39","0.143","0.171","0.183",28.4,41,29.6,"0.146","0.201","0.204",35
"Birdsong, Hayden",806185,"SF","SL","Slider",0.1,0,"180",28,"39","0.333","0.5","0.403",31.9,17.9,20.6,"0.279","0.438","0.328",40
"King, Michael",650633,"SD","FF","4-Seam Fastball",-2.3,-5,"231",25,"39","0.303","0.727","0.469",31.7,23.1,12.5,"0.28","0.684","0.448",54.2
"Brown, Hunter",686613,"HOU","CU","Curveball",1.7,3,"182",16,"39","0.162","0.189","0.183",33.7,43.6,24.6,"0.191","0.216","0.205",30
"Gray, Sonny",543243,"STL","CU","Curveball",1.6,3,"182",17.3,"39","0.139","0.25","0.206",32.5,28.2,28.9,"0.202","0.355","0.272",32
"Hader, Josh",623352,"HOU","SL","Slider",3,5,"165",40.3,"39","0.132","0.211","0.16",52.5,48.7,27.5,"0.142","0.192","0.157",21.1
"Uceta, Edwin",670955,"TB","FF","4-Seam Fastball",-0.9,-1,"150",37.6,"39","0.219","0.531","0.381",27.5,30.8,24.5,"0.245","0.558","0.401",55
"Sánchez, Cristopher",650911,"PHI","SL","Slider",-1.7,-3,"175",16.6,"39","0.27","0.622","0.388",35,25.6,20,"0.251","0.537","0.35",44.4
"Ross, Joe",605452,"PHI","FF","4-Seam Fastball",0.9,2,"176",37.9,"39","0.273","0.424","0.324",28.9,15.4,16.2,"0.279","0.501","0.358",31
"Thompson, Ryan",657044,"AZ","SL","Slider",0.8,1,"158",42,"39","0.167","0.417","0.277",30,28.2,18.6,"0.197","0.464","0.308",28
"Holmes, Grant",656550,"ATL","CU","Curveball",-0.4,-1,"161",15.4,"39","0.188","0.313","0.283",33.8,33.3,20.6,"0.143","0.21","0.257",30
"Jacob, Alek",689690,"SD","FF","4-Seam Fastball",0.6,1,"179",40.9,"39","0.156","0.375","0.306",27.8,33.3,26,"0.189","0.404","0.33",36.8
"Vásquez, Randy",681190,"SD","ST","Sweeper",-2.3,-4,"156",16,"38","0.222","0.417","0.299",32.8,23.7,18.8,"0.204","0.385","0.27",35.7
"Bellozo, Valente",678368,"MIA","FF","4-Seam Fastball",2,3,"155",29.2,"38","0.152","0.212","0.211",18.2,23.7,14.3,"0.202","0.388","0.31",33.3
"Kolek, Stephen",663568,"SD","FF","4-Seam Fastball",-1,-2,"155",28,"38","0.258","0.484","0.386",15.3,18.4,14.9,"0.267","0.48","0.387",62.5
"Duran, Jhoan",661395,"MIN","FF","4-Seam Fastball",2.7,4,"167",38.6,"38","0.182","0.182","0.234",28.3,26.3,19.6,"0.252","0.347","0.317",52.2
"Quantrill, Cal",615698,"MIA","FF","4-Seam Fastball",-3.2,-6,"193",22.4,"38","0.412","0.824","0.52",20,18.4,11.9,"0.295","0.639","0.414",42.9
"Merryweather, Julian",657240,"CHC","SL","Slider",0.3,0,"176",49.9,"38","0.243","0.324","0.259",28.4,28.9,20.4,"0.276","0.4","0.3",50
"Blanco, Ronel",669854,"HOU","CU","Curveball",-0.3,0,"161",20.3,"38","0.194","0.444","0.289",31.3,23.7,18.8,"0.178","0.364","0.252",33.3
"Montero, Keider",672456,"DET","SL","Slider",-0.2,0,"163",24.8,"38","0.25","0.472","0.333",35.4,21.1,14.5,"0.259","0.384","0.287",37.9
"Yarbrough, Ryan",642232,"NYY","FC","Cutter",1.1,2,"162",24.4,"38","0.226","0.355","0.314",17.6,10.5,12.1,"0.272","0.412","0.35",25
"Helsley, Ryan",664854,"STL","SL","Slider",2.3,4,"160",44.7,"38","0.111","0.222","0.17",41.3,42.1,23.2,"0.15","0.259","0.201",30
"Hernández, Daysbel",678226,"ATL","FF","4-Seam Fastball",1.4,3,"185",42.8,"38","0.103","0.103","0.224",27.8,28.9,20,"0.152","0.216","0.275",42.1
"Lopez, Jacob",682052,"ATH","FF","4-Seam Fastball",-2.6,-5,"179",44.5,"37","0.321","0.75","0.503",27.6,32.4,24,"0.227","0.527","0.401",29.4
"Okert, Steven",595345,"HOU","FF","4-Seam Fastball",1.4,2,"166",44.7,"37","0.182","0.394","0.279",28.2,16.2,18.8,"0.25","0.532","0.359",35.7
"Banks, Tanner",621383,"PHI","SL","Slider",2.1,3,"156",35.9,"37","0.222","0.361","0.262",26.6,21.6,17.8,"0.298","0.505","0.351",35.7
"Scott, Tayler",605463,"HOU","FF","4-Seam Fastball",-1.1,-2,"161",51.8,"37","0.231","0.308","0.364",29.2,18.9,14.6,"0.238","0.418","0.395",35
"Newcomb, Sean",656794,"ATH","FC","Cutter",-4.1,-7,"158",19.1,"37","0.571","0.714","0.578",14.1,0,0,"0.405","0.582","0.473",62.1
"Bubic, Kris",663460,"KC","SL","Slider",1.2,2,"153",13.9,"37","0.273","0.424","0.342",30,16.2,35.3,"0.342","0.562","0.418",51.9
"Peterson, David",656849,"NYM","CH","Changeup",1.1,2,"157",15.1,"37","0.176","0.265","0.257",17.9,10.8,11.1,"0.269","0.34","0.3",40
"Hoffman, Jeff",656546,"TOR","FF","4-Seam Fastball",-0.2,0,"157",38.4,"37","0.212","0.455","0.324",25,29.7,22.4,"0.236","0.437","0.33",40.9
"Ryan, Joe",657746,"MIN","FS","Split-Finger",-1,-2,"162",15,"37","0.235","0.412","0.299",23.1,18.9,12.5,"0.274","0.527","0.358",42.9
"Pivetta, Nick",601713,"SD","ST","Sweeper",2.1,4,"184",19.2,"36","0.143","0.229","0.2",40.2,38.9,23.7,"0.154","0.285","0.201",14.3
"Ray, Robbie",592662,"SF","CH","Changeup",1.9,3,"154",13.8,"36","0.138","0.172","0.207",44.7,22.2,21.6,"0.16","0.224","0.273",45.5
"Buttó, José",676130,"NYM","FF","4-Seam Fastball",-1.6,-2,"154",28.9,"35","0.346","0.5","0.453",29.3,17.1,16.7,"0.308","0.577","0.457",55
"Rodríguez, Yariel",684320,"TOR","FF","4-Seam Fastball",0.2,0,"195",41.7,"35","0.207","0.379","0.326",18.2,14.3,11.6,"0.237","0.448","0.359",41.7
"Lorenzen, Michael",547179,"KC","CU","Curveball",-2.5,-4,"153",14,"35","0.324","0.588","0.397",26.9,20,12.1,"0.303","0.568","0.378",55.6
"Hendricks, Kyle",543294,"LAA","FF","4-Seam Fastball",-0.6,-1,"152",15.8,"35","0.226","0.581","0.374",18.5,20,16.3,"0.228","0.555","0.369",41.7
"Lively, Ben",594902,"CLE","FF","4-Seam Fastball",0.8,2,"207",28.8,"35","0.233","0.467","0.351",21.8,11.4,8.9,"0.283","0.588","0.412",53.8
"Lauer, Eric",641778,"TOR","FF","4-Seam Fastball",3.4,5,"154",44,"35","0.065","0.097","0.141",27,40,28,"0.109","0.241","0.21",52.9
"Montero, Rafael",606160,"ATL","FF","4-Seam Fastball",1.1,2,"196",46.6,"35","0.233","0.3","0.3",26.7,20,14,"0.313","0.595","0.427",69.6
"Gilbert, Logan",669302,"SEA","FF","4-Seam Fastball",3.2,5,"168",33.7,"35","0.129","0.194","0.203",24.4,25.7,22,"0.202","0.277","0.262",45.5
"Vásquez, Randy",681190,"SD","CU","Curveball",-1.3,-2,"154",15.8,"35","0.267","0.533","0.389",17.1,17.1,11.3,"0.271","0.58","0.405",37.5
"Holmes, Clay",605280,"NYM","CH","Changeup",1,2,"160",15,"35","0.2","0.229","0.19",36.6,37.1,19.1,"0.187","0.286","0.202",27.3
"Rogers, Taylor",573124,"CIN","ST","Sweeper",-0.8,-1,"167",48.3,"34","0.219","0.469","0.344",33.8,35.3,21.1,"0.149","0.257","0.186",28.6
"Matsui, Yuki",673513,"SD","FF","4-Seam Fastball",-0.3,0,"149",37,"34","0.179","0.464","0.366",15.9,14.7,11.4,"0.178","0.322","0.297",39.1
"Hudson, Bryan",663542,"MIL","FF","4-Seam Fastball",0.3,0,"164",70.1,"34","0.174","0.174","0.348",22.6,17.6,13.3,"0.215","0.264","0.356",38.9
"Ryan, Joe",657746,"MIN","ST","Sweeper",-0.4,-1,"158",14.6,"34","0.194","0.355","0.274",40.7,35.3,20,"0.168","0.268","0.232",26.3
"Cabrera, Edward",665795,"MIA","CU","Curveball",-1.4,-2,"179",22.7,"34","0.233","0.533","0.365",35.4,41.2,23.3,"0.16","0.287","0.251",41.2
"Snider, Collin",676092,"SEA","FF","4-Seam Fastball",0.7,1,"150",31.4,"34","0.303","0.333","0.296",21.2,32.4,19.3,"0.282","0.414","0.31",54.5
"Buehler, Walker",621111,"BOS","FF","4-Seam Fastball",-2.4,-4,"185",24,"34","0.31","0.621","0.418",15.1,20.6,14.6,"0.299","0.678","0.444",52.2
"Alexander, Tyler",641302,"MIL","FC","Cutter",-2.3,-4,"167",26.7,"34","0.379","0.552","0.467",18.1,17.6,14.6,"0.355","0.646","0.458",50
"Fairbanks, Pete",664126,"TB","SL","Slider",0.6,1,"165",40.9,"33","0.103","0.172","0.242",29.7,30.3,18.2,"0.158","0.191","0.217",31.6
"Vesia, Alex",681911,"LAD","SL","Slider",-0.7,-1,"180",40,"33","0.267","0.633","0.403",35.4,30.3,14.9,"0.246","0.531","0.358",35
"Taillon, Jameson",592791,"CHC","CU","Curveball",3.3,5,"159",15,"33","0.094","0.094","0.103",16.9,30.3,16.1,"0.221","0.353","0.258",31.8
"Sterner, Justin",686993,"ATH","FC","Cutter",-1.6,-3,"165",32.8,"33","0.379","0.517","0.429",31.6,18.2,18.2,"0.292","0.451","0.364",34.8
"Hancock, Emerson",676106,"SEA","FF","4-Seam Fastball",1.2,2,"158",22.3,"32","0.258","0.387","0.292",24.4,25,13.8,"0.298","0.487","0.347",34.8
"King, Michael",650633,"SD","ST","Sweeper",-2.5,-4,"174",18.9,"32","0.207","0.552","0.347",33.8,40.6,22,"0.228","0.419","0.315",37.5
"Akin, Keegan",669211,"BAL","SL","Slider",-0.6,-1,"150",33,"32","0.233","0.5","0.331",29.4,34.4,24.4,"0.275","0.597","0.387",47.4
"Yarbrough, Ryan",642232,"NYY","ST","Sweeper",1,2,"150",22.6,"32","0.219","0.313","0.231",41.7,21.9,16.3,"0.188","0.25","0.191",8
"Sears, JP",676664,"ATH","CH","Changeup",-1.4,-2,"165",15.3,"32","0.313","0.531","0.388",18.1,3.1,6.3,"0.299","0.521","0.346",29
"García, Luis",472610,"LAD","ST","Sweeper",-0.1,0,"163",35.2,"32","0.185","0.259","0.272",30.3,34.4,17.5,"0.249","0.493","0.372",50
"Cano, Yennier",666974,"BAL","SI","Sinker",1.8,3,"154",45.7,"32","0.154","0.269","0.265",23.9,25,20.5,"0.239","0.418","0.346",52.6
"Vásquez, Randy",681190,"SD","FF","4-Seam Fastball",0.7,1,"168",17.2,"31","0.24","0.32","0.332",7.5,6.5,4.2,"0.248","0.473","0.381",47.8
"Santillan, Tony",663574,"CIN","SL","Slider",-1.5,-2,"158",35.4,"31","0.286","0.536","0.36",27.9,12.9,6.1,"0.268","0.564","0.36",24
"Poche, Colin",621363,"WSH","FF","4-Seam Fastball",-1.1,-2,"154",71.6,"31","0.304","0.609","0.419",23.2,25.8,20,"0.232","0.427","0.354",64.7
"Adam, Jason",592094,"SD","SL","Slider",0,0,"153",31.7,"29","0.259","0.407","0.347",44.1,37.9,44,"0.186","0.253","0.224",31.3
"Kochanowicz, Jack",686799,"LAA","SL","Slider",-2,-3,"165",16.1,"29","0.375","0.5","0.414",31.1,13.8,15.4,"0.338","0.503","0.396",33.3
"Bradley, Taj",671737,"TB","CU","Curveball",1.1,2,"150",13.9,"29","0.107","0.143","0.129",32.6,65.5,28.4,"0.093","0.143","0.122",33.3
"Milner, Hoby",571948,"TEX","ST","Sweeper",2.3,4,"164",38.6,"29","0.138","0.138","0.186",15,20.7,16.2,"0.255","0.529","0.33",34.8
"Ortiz, Luis L.",682847,"CLE","FC","Cutter",-1.4,-2,"159",15.5,"29","0.364","0.727","0.491",22.2,3.4,7.7,"0.421","0.896","0.569",40.9
"Hodge, Porter",687863,"CHC","FF","4-Seam Fastball",-0.3,-1,"175",50.9,"25","0.304","0.435","0.352",26.8,28,15.9,"0.281","0.453","0.343",25
"Cannon, Jonathan",686563,"CWS","ST","Sweeper",-2.1,-3,"158",14.5,"24","0.318","0.591","0.383",17,4.2,2.5,"0.333","0.637","0.404",50