"last_name, first_name","player_id","attempts","avg_hit_angle","anglesweetspotpercent","max_hit_speed","avg_hit_speed","ev50","fbld","gb","max_distance","avg_distance","avg_hr_distance","ev95plus","ev95percent","barrels","brl_percent","brl_pa"
"Littell, Zack","641793","273","14.5",31.9,"114.5","90.5","80.3","94.7","87.5","420","169","389","115",42.1,"34",12.5,9.8
"Irvin, Jake","663623","271","14.7",35.8,"111.8","90.6","79.4","94.3","87.8","464","178","402","124",45.8,"35",12.9,9.9
"Severino, Luis","622663","269","12.9",36.1,"112.4","88.8","76.9","92.6","85.7","455","164","416","111",41.3,"13",4.8,3.6
"Keller, Mitch","656605","261","10.8",32.2,"112.6","89.8","79.7","94.2","87.8","445","153","397","107",41,"15",5.7,4.3
"Schwellenbach, Spencer","680885","258","7.1",34.5,"112.5","88.9","77.3","92.6","86.7","442","149","409","105",40.7,"19",7.4,5.3
"Freeland, Kyle","607536","254","9.8",37,"115.4","90.4","80.1","93.8","87.4","452","162","414","109",42.9,"22",8.7,6.7
"Sugano, Tomoyuki","608372","247","13.3",36.4,"116.3","89.1","78.6","93.8","86.4","431","162","398","92",37.2,"23",9.3,7.6
"Bassitt, Chris","605135","245","11",32.2,"116.7","87","74.8","93.1","84.1","417","150","394","85",34.7,"19",7.8,5.5
"Senzatela, Antonio","622608","245","8.4",32.7,"112","90.7","79","94.5","87.5","433","158","409","112",45.7,"25",10.2,8.3
"Fried, Max","608331","243","6.9",29.6,"112.5","88","76.2","93.9","84.3","429","144","411","92",37.9,"18",7.4,5.2
"Kremer, Dean","665152","242","14.4",34.7,"110.7","88.3","77.1","94.2","84.5","429","170","408","89",36.8,"22",9.1,7
"Woo, Bryan","693433","240","15.1",34.2,"120.4","88.2","76.6","92.8","85.6","417","164","381","91",37.9,"21",8.8,6.4
"Pallante, Andre","669467","239","-1.7",28.5,"114.8","90.2","78.6","95.5","87.4","448","118","395","108",45.2,"19",7.9,6.1
"Martin, Davis","663436","238","10.8",35.3,"114.7","91.4","80.6","94","90.6","423","155","390","112",47.1,"25",10.5,8.1
"Soriano, José","667755","236","-4.2",24.6,"112.7","90.7","79.1","96.1","89","417","100","402","107",45.3,"18",7.6,5.3
"Berríos, José","621244","235","15.1",32.3,"115.7","89.6","78.5","94.7","86.5","436","160","399","93",39.6,"25",10.6,7.3
"Webb, Logan","657277","235","4.4",31.9,"116.8","89.9","78.9","94.3","87.4","423","127","381","94",40,"12",5.1,3.4
"Hendricks, Kyle","543294","234","15.9",31.6,"111.7","86.3","73.8","92.3","82","419","168","392","84",35.9,"22",9.4,7.3
"Sears, JP","676664","234","19.6",32.9,"113.3","90.7","80.7","93.7","87.7","470","195","402","101",43.2,"21",9,6.8
"Gallen, Zac","668678","233","14.3",34.3,"110.1","90.6","80.2","93.4","87.4","425","175","393","105",45.1,"24",10.3,6.9
"Lodolo, Nick","666157","233","12.1",32.6,"112.1","89.6","78.8","94.3","86.1","429","170","395","97",41.6,"19",8.2,5.8
"Martinez, Nick","607259","232","17.9",34.5,"111.4","87.8","77.5","90.9","87.4","418","167","395","80",34.5,"14",6,4.6
"Wacha, Michael","608379","231","16.6",38.5,"110.7","86.9","75.2","92.2","83.2","430","167","401","74",32,"16",6.9,5.2
"Liberatore, Matthew","669461","231","13.9",34.2,"114.5","91.1","81.2","93.7","89.2","411","168","386","102",44.2,"23",10,7.5
"Pfaadt, Brandon","694297","231","11.9",45.9,"112.9","93.1","82.8","96.9","88.8","440","179","403","122",52.8,"32",13.9,10.3
"Skenes, Paul","694973","231","10.3",27.3,"112.3","88.1","77.4","91.6","86.3","411","145","397","88",38.1,"11",4.8,3.2
"Peterson, David","656849","229","4.6",30.6,"111.8","90.8","80.1","94","88.9","424","132","394","106",46.3,"13",5.7,3.9
"Pepiot, Ryan","686752","229","17.1",35.8,"112.8","90.3","79.3","94.7","86.5","442","180","383","99",43.2,"21",9.2,6.4
"Taillon, Jameson","592791","229","20",33.6,"117.4","87.3","75.4","93.2","81","436","173","397","84",36.7,"25",10.9,8.3
"Márquez, Germán","608566","228","12.5",35.5,"112.7","91.2","81.1","94.7","88.4","456","168","415","109",47.8,"18",7.9,6.1
"Castillo, Luis","622491","228","14.4",35.1,"113.6","90.6","79.6","94.4","87.5","445","171","404","105",46.1,"26",11.4,8.3
"Mikolas, Miles","571945","227","15.8",30.8,"113.8","88.9","77.4","93.4","85.2","409","171","393","95",41.9,"22",9.7,7.7
"Fedde, Erick","607200","227","15.5",34.8,"113.2","90.9","81.2","93.3","90.3","412","171","392","98",43.2,"20",8.8,6.5
"Falter, Bailey","663559","226","17.1",27.9,"114.3","89.6","78.8","94","86.9","414","167","393","98",43.4,"16",7.1,5.4
"Mahle, Tyler","641816","225","13.9",36.4,"111.5","88.6","77.7","93.9","83.5","422","171","384","85",37.8,"17",7.6,5.5
"Ober, Bailey","641927","225","23.6",35.1,"116.6","89.8","78.9","93.2","87","435","190","392","91",40.4,"20",8.9,6.7
"Springs, Jeffrey","605488","224","19",37.5,"112.9","88.2","77.5","93.2","81.4","408","199","385","81",36.2,"19",8.5,6
"Kikuchi, Yusei","579328","224","16.4",31.7,"112.2","90.7","80","94.5","89.2","426","173","401","91",40.6,"22",9.8,6.6
"Bibee, Tanner","676440","224","13.2",29,"113.9","88.7","77.2","92.6","86.3","429","162","387","89",39.7,"21",9.4,6.8
"Lorenzen, Michael","547179","224","15.9",36.6,"110.6","89.7","79.8","93.1","87.1","428","177","400","93",41.5,"20",8.9,6.5
"Kelly, Merrill","518876","223","12",29.6,"113.5","91","79.5","94.7","89.2","443","156","403","106",47.5,"21",9.4,6.5
"Parker, Mitchell","680730","222","15",30.6,"113","90.9","80.6","93.9","89.3","466","171","404","109",49.1,"15",6.8,5
"Valdez, Framber","664285","221","2.6",26.7,"114.4","91.2","80.7","95","89.5","425","126","401","103",46.6,"16",7.2,4.8
"Burke, Sean","680732","220","18.1",39.1,"111.7","88.5","76.5","94.5","79.8","446","189","398","89",40.5,"24",10.9,7.7
"Anderson, Tyler","542881","220","20.1",45.9,"116.1","88.2","77.3","92.8","81.4","440","201","406","76",34.5,"19",8.6,6.2
"Luzardo, Jesús","666200","219","13.3",35.6,"112","89.6","79.1","92.2","87.9","420","165","397","93",42.5,"13",5.9,3.9
"Heaney, Andrew","571760","218","11.7",35.3,"115.5","90.4","79.8","93.2","87.7","433","166","403","92",42.2,"19",8.7,6.4
"Paddack, Chris","663978","216","16.2",31,"110.1","90.3","79.4","94.7","89.5","418","165","399","95",44,"15",6.9,5.2
"Williams, Trevor","592866","216","17.4",37.5,"115.8","90.1","79.8","92.5","87.8","442","179","390","88",40.7,"17",7.9,6
"Patrick, Chad","694477","216","20.9",39.4,"117.7","89.9","79.5","93","88.8","416","190","389","88",40.7,"14",6.5,4.5
"Boyd, Matthew","571510","215","19.2",32.6,"114.7","88.1","76.9","90.8","87","425","174","385","80",37.2,"15",7,4.9
"Kochanowicz, Jack","686799","215","8.4",26.5,"116.6","92.6","83","94.5","92.3","463","145","406","107",49.8,"21",9.8,7
"Crochet, Garrett","676979","214","12",34.1,"112.5","87.4","75.5","91.7","85","422","158","391","79",36.9,"16",7.5,4.5
"Vásquez, Randy","681190","214","16.4",33.6,"118.4","89.2","78.1","94.4","86.1","417","174","393","88",41.1,"25",11.7,8.5
"Holmes, Clay","605280","211","5.5",31.3,"111.4","90.5","79.8","96.9","86.1","407","142","385","94",44.5,"17",8.1,5.6
"Bradley, Taj","671737","211","9.3",29.9,"113","88.6","77.8","92.6","86.6","429","146","400","78",37,"11",5.2,3.5
"Gausman, Kevin","592332","211","15.9",35.1,"116.5","89.6","78.4","92.9","85.8","425","179","395","84",39.8,"20",9.5,6.6
"Roupp, Landen","694738","209","8.6",36.8,"115.4","86.9","74.7","91.7","82.6","484","154","402","65",31.1,"16",7.7,5.4
"Gray, Sonny","543243","207","13.2",35.7,"114.3","89.4","78","94.3","86.5","420","164","402","83",40.1,"19",9.2,6.2
"Bubic, Kris","663460","207","13.6",35.3,"114.4","87.2","75.3","91","84.4","436","154","404","77",37.2,"14",6.8,4.4
"Peralta, Freddy","642547","206","18.1",33,"117.9","88.1","77.2","92.3","85.7","442","165","389","71",34.5,"17",8.3,5.3
"Singer, Brady","663903","206","15.8",40.8,"114.4","90.8","80.7","95.1","86","439","188","390","91",44.2,"23",11.2,7.9
"Baz, Shane","669358","206","9.1",28.6,"113.9","89.8","79","95.5","87.2","430","143","384","85",41.3,"22",10.7,7.3
"Cannon, Jonathan","686563","205","16.7",33.7,"113.3","90","79.1","94.1","87.3","419","178","383","93",45.4,"22",10.7,7.8
"Ray, Robbie","592662","202","15.3",30.7,"112.6","91.1","81.8","93.8","90","411","176","392","91",45,"15",7.4,4.6
"Brown, Ben","676962","201","13.3",37.3,"113.3","92","82.4","94.7","90.5","431","168","403","93",46.3,"22",10.9,7.1
"deGrom, Jacob","594798","200","12.7",29.5,"112.5","89.2","78.6","93.1","86.1","398","160","379","80",40,"15",7.5,5.1
"Sale, Chris","519242","199","14",34.7,"116.7","87.4","76","90.9","83.6","462","170","397","64",32.2,"17",8.5,5
"Alcantara, Sandy","645261","199","7.8",31.7,"117.9","90.1","79.9","94.8","86.5","418","153","390","83",41.7,"16",8,5.7
"Skubal, Tarik","669373","199","13.3",38.2,"110.2","85.9","74.1","91.8","79.9","429","169","397","63",31.7,"15",7.5,4.8
"Rodón, Carlos","607074","198","13.7",30.8,"115.5","88.9","78","93.2","85.2","406","158","374","75",37.9,"14",7.1,4.2
"Meyer, Max","676974","195","8.7",30.3,"112.7","91.9","82","95.1","89.7","429","151","391","94",48.2,"18",9.2,6.3
"Rea, Colin","607067","195","15.8",40.5,"110.6","91.5","82.2","94.4","91.1","435","172","393","87",44.6,"19",9.7,7.3
"Cease, Dylan","656302","194","14.8",40.2,"112.9","89.1","78.1","92.6","86.9","402","177","373","81",41.8,"21",10.8,6.5
"Wheeler, Zack","554430","194","14.2",37.6,"113.9","87.4","76.6","90.6","84.7","427","171","387","65",33.5,"14",7.2,4.4
"Allen, Logan","671106","194","12.8",29.9,"113.5","88","76.7","93","84.2","441","158","398","65",33.5,"20",10.3,7.4
"Pivetta, Nick","601713","193","19.6",35.8,"115.5","88.8","77.7","93.5","82.9","467","182","404","78",40.4,"23",11.9,7.8
"Sánchez, Cristopher","650911","193","3.6",26.4,"112.6","89.9","78.7","92","88.6","418","136","381","80",41.5,"12",6.2,3.9
"Francis, Bowden","670102","193","20.8",34.7,"113.1","91.3","80.6","95","88.8","426","185","386","98",50.8,"23",11.9,8.5
"Holmes, Grant","656550","192","7.8",36.5,"114.8","90.7","80.7","94.7","86.9","443","166","416","84",43.8,"24",12.5,7.9
"Ortiz, Luis L.","682847","192","10.1",31.3,"114.6","93","83","96.3","91.5","422","154","385","97",50.5,"21",10.9,7
"Lugo, Seth","607625","190","13.8",34.2,"110.4","91.1","80.9","95.2","87.3","440","176","398","90",47.4,"17",8.9,6.5
"May, Dustin","669160","190","11",33.7,"113.5","90","78.7","92.8","87.9","455","158","412","80",42.1,"16",8.4,5.6
"Gore, MacKenzie","669022","189","16.7",36,"113.1","90.8","80.4","92.9","90.4","429","175","390","85",45,"17",9,5.2
"Priester, Quinn","682990","189","5.1",27,"111.1","90.5","81.2","95","88","418","129","386","77",40.7,"11",5.8,4.3
"Quantrill, Cal","615698","188","15.9",43.1,"111.8","90.7","80.3","94.3","87","433","189","402","81",43.1,"19",10.1,7.5
"Smith, Shane","681343","188","11.9",33.5,"113","90.3","78.7","92.4","89","401","161","389","84",44.7,"11",5.9,3.8
"Corbin, Patrick","571578","187","12.8",32.1,"113","88.3","77.2","93.2","84.7","420","164","392","67",35.8,"15",8,6
"Rasmussen, Drew","656876","186","7.2",30.1,"113.2","90.7","80.8","92.9","90","392","140","369","81",43.5,"9",4.8,3.4
"Canning, Griffin","656288","185","9",32.4,"113.8","91.3","81.1","95.8","89.1","432","158","377","87",47,"19",10.3,7
"Mize, Casey","663554","184","14.5",34.2,"112.5","90","80","92.9","88.6","442","170","395","74",40.2,"17",9.2,6.6
"Ryan, Joe","657746","184","20",31,"113.3","90.3","80.5","94.8","86.9","413","181","392","73",39.7,"23",12.5,7.9
"Povich, Cade","700249","183","12.5",39.3,"112.1","91.7","81.4","96","87.2","458","182","414","92",50.3,"24",13.1,8.9
"Brown, Hunter","686613","180","12.5",34.4,"114.3","85.3","72.4","91.1","81.4","418","155","393","54",30,"11",6.1,3.7
"Senga, Kodai","673540","178","14.7",27.5,"114.7","88.7","77.3","92.7","87.1","421","159","400","73",41,"12",6.7,4.4
"Yamamoto, Yoshinobu","808967","178","6.1",27.5,"117.6","89.7","78.5","92.7","88.5","425","127","398","71",39.9,"10",5.6,3.4
"Eovaldi, Nathan","543135","178","7.5",34.8,"111.7","89.9","79.2","94.6","86.2","415","146","383","71",39.9,"15",8.4,5.6
"Rodriguez, Eduardo","593958","178","19",34.3,"109.5","88","77.1","92.2","84.9","438","178","397","61",34.3,"13",7.3,5.1
"Hancock, Emerson","676106","177","14",36.2,"112.3","88.4","77.3","91.8","86.8","415","156","386","66",37.3,"13",7.3,5.4
"Flaherty, Jack","656427","176","18.7",42,"113.8","89.8","79.2","93.8","84","440","190","394","74",42,"19",10.8,6.6
"Williams, Gavin","668909","174","11.8",34.5,"115","90.2","79.8","95.2","85.6","445","170","395","69",39.7,"18",10.3,6.4
"Burnes, Corbin","669203","173","6.6",33.5,"113.4","89.5","78","94.5","86.4","448","144","410","72",41.6,"14",8.1,5.3
"Morton, Charlie","450203","172","10.8",32,"112.1","90.9","81.2","93.6","87.8","419","172","393","72",41.9,"15",8.7,5.7
"Wilson, Bryse","669060","169","16.5",39.1,"114.3","91.1","80.1","92.6","90.7","417","178","396","76",45,"17",10.1,7.8
"López, Pablo","641154","169","15.1",35.5,"116.5","88","76.7","92.3","85","414","166","407","55",32.5,"10",5.9,4
"Buehler, Walker","621111","168","11.4",31.5,"113.2","87.3","74.7","91.9","84.5","428","157","396","64",38.1,"17",10.1,7
"Eflin, Zach","621107","168","11.6",31.5,"110.8","89.6","79.5","92.6","86.2","399","173","379","67",39.9,"15",8.9,7
"Bello, Brayan","678394","168","5.2",32.7,"111.2","88.5","76.9","92.7","85.8","410","135","394","64",38.1,"13",7.7,5.6
"Elder, Bryce","693821","167","7.3",28.1,"117.6","89.5","77.3","94.9","84.8","419","148","388","77",46.1,"15",9,6.4
"Megill, Tylor","656731","162","14.6",29,"114.7","90","79.4","93.9","88.3","407","160","389","70",43.2,"10",6.2,3.5
"Verlander, Justin","434378","162","17",37.7,"112.1","89.4","79","94","85.1","428","176","396","65",40.1,"19",11.7,8.4
"Bido, Osvaldo","674370","160","18.8",33.8,"114.7","90.6","80.6","93.4","86.8","422","196","410","66",41.3,"18",11.3,8.3
"Abbott, Andrew","671096","160","20.7",35,"111.1","87.5","77.4","91.2","82.4","437","192","397","49",30.6,"14",8.8,5.7
"Newcomb, Sean","656794","159","10.5",34,"113.2","90","79","93.6","87.6","430","156","393","71",44.7,"11",6.9,4.8
"Dobbins, Hunter","690928","158","10.8",32.9,"111.3","90.3","79.5","94.5","86.5","436","160","393","69",43.7,"11",7,5.3
"Leiter, Jack","683004","157","14.3",32.5,"111.7","90.4","80.2","92.8","87.3","479","174","413","65",41.4,"17",10.8,7.3
"Miller, Bryce","682243","151","16.6",37.7,"117","91.1","80.8","93.5","89.5","416","173","381","67",44.4,"10",6.6,4.6
"Jobe, Jackson","695549","150","13.1",36,"111.9","89.1","77.7","94.6","85.2","436","163","396","65",43.3,"13",8.7,6
"Gusto, Ryan","687473","150","17",34,"113.8","91.5","81.9","94.7","89.2","401","177","379","65",43.3,"14",9.3,6.2
"Warren, Will","701542","150","13.4",32.7,"113.6","91.6","81","95.1","89.8","410","166","392","76",50.7,"15",10,5.9
"Hicks, Jordan","663855","150","4.3",30,"115.2","89.5","78","93.5","87.9","423","124","378","67",44.7,"7",4.7,3.2
"Nola, Aaron","605400","149","11.5",36.2,"108.9","89.7","79","94.6","85.8","421","166","390","65",43.6,"14",9.4,6.4
"Houck, Tanner","656557","149","6.8",35.6,"112.2","91","79.8","95","87.8","432","151","396","69",46.3,"12",8.1,5.9
"Montero, Keider","672456","148","12.5",36.5,"110","87.5","76.3","93.6","80.8","414","168","389","49",33.1,"12",8.1,6.1
"Greene, Hunter","668881","148","23.1",38.5,"109.3","90.2","79.9","92.9","88.7","457","197","390","63",42.6,"15",10.1,6.3
"Schmidt, Clarke","657376","145","16.2",35.9,"112.5","87.8","76.4","93.1","81.8","433","178","391","50",34.5,"9",6.2,4
"Spence, Mitch","687765","143","13.4",37.8,"111.2","91.2","81.5","92.8","90.3","404","167","388","63",44.1,"15",10.5,7.2
"Cabrera, Edward","665795","143","12.2",35.7,"116.7","90.4","80.2","94.2","86.3","431","179","387","63",44.1,"13",9.1,6
"Walker, Taijuan","592836","143","12.6",33.6,"111.2","88","77.1","93","84","390","157","374","52",36.4,"6",4.2,2.9
"King, Michael","650633","142","17",32.4,"111.7","88","75.7","92.7","86.2","413","167","379","56",39.4,"16",11.3,7.1
"Mlodzinski, Carmen","669387","139","12.1",38.1,"113","90.1","79.4","93.8","86.9","435","159","406","57",41,"11",7.9,6.1
"Dollander, Chase","801403","138","12.8",38.4,"111.6","89.6","78.2","95.5","84","435","186","410","63",45.7,"22",15.9,10.8
"Lord, Brad","695418","136","11.3",39.7,"115.3","88.7","76.7","92.2","86.1","402","161","378","58",42.6,"7",5.1,3.5
"Quintana, Jose","500779","135","13.6",30.4,"111.2","89.8","80.1","93.3","87.7","405","155","392","55",40.7,"9",6.7,4.9
"Lively, Ben","594902","134","20.4",35.1,"118","92.1","83","94.7","91.5","397","200","390","60",44.8,"14",10.4,7.9
"Woods Richardson, Simeon","680573","134","19.3",41.8,"115.3","91.6","81.2","96.6","86.2","450","196","409","64",47.8,"20",14.9,10.4
"Imanaga, Shota","684007","133","21.4",39.1,"111.1","90.4","81","93.7","86.1","419","200","398","52",39.1,"14",10.5,7.7
"Blanco, Ronel","669854","131","17.7",25.2,"110.8","85.9","74.4","91.6","78","418","172","392","40",30.5,"11",8.4,5.5
"Nelson, Ryne","669194","131","12",37.4,"115","91","81.7","94.5","87.9","425","168","392","54",41.2,"11",8.4,5.9
"Alexander, Tyler","641302","130","18.1",38.5,"114.3","89.4","78","91.7","88.7","432","180","407","55",42.3,"9",6.9,5.1
"Smith-Shawver, AJ","700363","128","15.4",41.4,"116.2","91.4","80.4","94.8","86.8","414","188","388","65",50.8,"16",12.5,8.4
"Giolito, Lucas","608337","128","13.7",38.3,"113","91.7","81.4","94.2","90.2","424","172","406","60",46.9,"11",8.6,6.4
"Yarbrough, Ryan","642232","128","14.6",38.3,"110.4","85.5","73.8","88.3","83.4","440","168","379","40",31.3,"5",3.9,2.7
"Olson, Reese","681857","127","9.9",30.7,"111.6","91","80.7","92","91.2","418","146","407","60",47.2,"9",7.1,4.5
"Suárez, Ranger","624133","127","9.3",28.3,"109.7","85.7","74.7","88.5","86","401","141","396","35",27.6,"2",1.6,1.1
"Kolek, Stephen","663568","125","6",22.4,"111.9","91.6","80.5","93.2","90.7","408","138","376","61",48.8,"5",4,2.9
"Evans, Logan","688138","125","12.9",40.8,"112.8","89.3","78.4","91","86.8","448","182","393","50",40,"12",9.6,7.2
"Casparius, Ben","676508","122","19.3",32,"111.6","87.3","77.4","90.6","83.4","384","178","384","36",29.5,"7",5.7,4
"Vasil, Mike","678024","121","11",32.2,"109.9","88.6","76.9","94.8","86","434","151","409","45",37.2,"13",10.7,7.4
"Knack, Landon","689017","117","16.4",44.4,"117.9","91.5","81","95.8","85.7","411","202","393","58",49.6,"19",16.2,11
"Birdsong, Hayden","806185","117","16.9",41,"109.3","88.7","77.9","92.9","83.8","417","178","387","51",43.6,"9",7.7,4.9
"Ragans, Cole","666142","115","15.9",34.8,"117.2","88.4","76.7","92.9","85.3","419","175","392","45",39.1,"10",8.7,4.8
"Matz, Steven","571927","114","10.6",31.6,"110.9","90.4","79.8","94.7","87.5","379","152",,"52",45.6,"5",4.4,3.3
"Hanifee, Brenan","669724","111","4.9",32.4,"115.2","90.4","79.6","94.9","87.7","406","137","391","48",43.2,"8",7.2,5.5
"Phillips, Tyler","663969","109","10",32.1,"109.9","88.4","77.4","90.7","86.4","416","151","401","39",35.8,"7",6.4,5.1
"Cameron, Noah","702070","108","14",27.8,"117.9","89.8","79.5","93.5","88.5","469","165","425","45",41.7,"6",5.6,4.2
"Soroka, Michael","647336","108","11.8",24.1,"110.1","89.6","79.6","93.3","86.4","390","155","378","45",41.7,"4",3.7,2.6
"Leahy, Kyle","681517","107","8.7",34.6,"115.2","87.9","75.1","93.7","84.3","419","146","397","43",40.2,"11",10.3,7.5
"Carrasco, Carlos","471911","107","14.8",36.4,"109.9","91.1","81","91.7","90.3","412","174","391","45",42.1,"13",12.1,9.2
"Junis, Jakob","596001","105","11",38.1,"109.8","88.5","77.4","93.4","81.9","423","168","397","41",39,"6",5.7,4.3
"Hoglund, Gunnar","680684","105","14.4",36.2,"112.5","92.4","82.2","95.4","88.4","439","192","408","48",45.7,"17",16.2,12.2
"Sasaki, Roki","808963","105","13.6",32.4,"113.1","90.4","80.6","92.3","88.9","427","179","396","47",44.8,"11",10.5,7.1
"Kranick, Max","668820","105","17.2",31.4,"114","90.6","80.6","93.9","90.1","427","171","404","48",45.7,"10",9.5,7.5
"Ross, Joe","605452","105","13.4",41,"111","89.3","77.5","95.3","85.3","417","173","402","43",41,"12",11.4,8.4
"Herget, Jimmy","623474","102","15.6",38.2,"109.9","90","79.3","94.2","85.6","409","185","392","43",42.2,"6",5.9,4.4
"Vargas, Carlos","672841","101","4.2",20.8,"117.7","88.9","78.5","92.9","87","444","135","406","35",34.7,"5",5,3.5
"Ferrer, Jose A.","678606","101","3.3",26.7,"112.6","88.3","77.5","88.1","89.1","383","116","383","37",36.6,"2",2,1.4
"Suter, Brent","608718","101","14.5",31.7,"110.6","83.1","69.5","89.3","78.9","399","162","386","31",30.7,"8",7.9,6.3
"Bellozo, Valente","678368","99","27.7",31.3,"108.5","89","78.5","93.9","84.3","397","207","367","36",36.4,"9",9.1,6.3
"Chivilli, Angel","683409","99","1.7",30.3,"112.8","89.2","76.7","97.1","83.5","425","128","400","40",40.4,"10",10.1,7.5
"Feltner, Ryan","663372","98","11.1",27.6,"112.1","90","79.8","92.1","89.2","414","156","400","35",35.7,"4",4.1,3
"Gonsolin, Tony","664062","98","16.3",37.8,"113","91.2","81.2","95.2","88.3","446","181","401","44",44.9,"11",11.2,7
"Bivens, Spencer","702352","98","7.4",26.5,"109.7","85.2","73","94.6","81","413","139","384","32",32.7,"7",7.1,5.3
"Buttó, José","676130","97","9.3",34,"112.6","90.7","80.6","96.6","85.5","411","156","408","42",43.3,"12",12.4,8.3
"Horton, Cade","690990","97","10.4",38.1,"116","89.6","78.6","93.3","86.3","406","161","391","40",41.2,"12",12.4,9.1
"Dreyer, Jack","676263","96","18.2",28.1,"109.6","91","82.7","94.3","89.3","369","158",,"38",39.6,"1",1,0.7
"Peralta, Wandy","593974","95","2.6",30.5,"116.2","87.2","75.1","93.1","83.3","379","132","373","32",33.7,"8",8.4,6
"Wesneski, Hayden","669713","95","16.3",35.8,"111.5","89.7","79.3","92.4","88.6","416","173","390","40",42.1,"10",10.5,7.6
"Holton, Tyler","663947","94","9.8",35.1,"110","87.8","75.2","90.7","87.6","419","153","384","39",41.5,"8",8.5,6.2
"Hurter, Brant","676428","93","11.4",32.3,"108.7","88.7","78.4","90.8","87.9","396","148","373","35",37.6,"3",3.2,2.1
"Zerpa, Angel","672582","93","-2.8",25.8,"111.2","90.4","80.1","97.5","87.3","424","107","403","40",43,"7",7.5,5.6
"Anderson, Grant","681982","92","12",31.5,"110.3","89","78.1","92.3","85.5","399","177","386","35",38,"7",7.6,4.9
"Ashcraft, Graham","668933","91","7.2",29.7,"112.8","85.4","71.6","92.1","83.1","388","128","384","33",36.3,"5",5.5,3.5
"Webb, Jacob","657097","91","21.4",34.1,"112.2","86.5","75.5","90.3","82.6","431","189","400","28",30.8,"4",4.4,3.2
"Beeks, Jalen","656222","91","7.8",26.4,"111.9","86.8","73.9","93.8","83.2","405","134","388","33",36.3,"6",6.6,4.5
"Lynch IV, Daniel","663738","91","12.3",22,"116","87.3","75","93.8","86","425","144","421","36",39.6,"5",5.5,3.8
"Bazardo, Eduard","660825","90","18.8",37.8,"114.2","86.3","75.2","90.9","82.8","411","188","388","29",32.2,"7",7.8,5.3
"Brazobán, Huascar","623211","90","12.6",27.8,"109.9","88.4","77.7","92.6","85.6","404","157","388","35",38.9,"9",10,6.4
"Allard, Kolby","663465","90","19.5",35.6,"110","88.8","79.6","92.4","88.7","388","177",,"31",34.4,"7",7.8,6.7
"Santillan, Tony","663574","89","23.3",38.2,"111.2","91.2","81.2","93.5","90.3","437","194","392","37",41.6,"6",6.7,4.9
"Rodríguez, Manuel","655889","89","1.3",28.1,"110.9","87.4","74.6","92.7","85.6","403","116","371","37",41.6,"3",3.4,2.5
"Kinley, Tyler","641755","89","15.2",40.4,"111.9","84.3","71.3","88.7","79.9","450","166","411","26",29.2,"4",4.5,2.9
"Hill, Tim","657612","88","-4.6",17,"114.1","89","76.6","94.4","86.8","424","104","400","39",44.3,"6",6.8,5.4
"Gillispie, Connor","687362","88","16.5",35.2,"115","91.4","80.5","97","86.6","417","168","386","44",50,"11",12.5,8.9
"Milner, Hoby","571948","87","7",28.7,"106.7","86.6","76.4","92.1","83.1","399","140",,"26",29.9,"9",10.3,7.4
"Vest, Will","676684","87","6.8",20.7,"108.3","87.9","76.2","92.2","87","399","127","382","36",41.4,"4",4.6,3.1
"Snider, Collin","676092","87","13",35.6,"116.5","90.3","78.4","95.5","85.5","421","169","390","41",47.1,"11",12.6,9.2
"Hart, Kyle","606996","87","21",39.1,"111.7","89.4","78.4","92.9","83.9","403","207","379","36",41.4,"8",9.2,7.3
"Clase, Emmanuel","661403","87","12.4",35.6,"111.4","88.1","76.6","93.9","82.2","392","161","392","35",40.2,"5",5.7,4
"Adam, Jason","592094","87","14.7",26.4,"110.2","88","77.5","90.3","85.5","387","166","386","30",34.5,"7",8,4.8
"Banda, Anthony","607455","87","9.9",37.9,"112.4","90.6","81.7","91.2","90.6","405","168","401","33",37.9,"10",11.5,8
"Bird, Jake","656234","86","8.4",29.1,"110.7","88.8","76.9","91","87.6","414","142","402","36",41.9,"4",4.7,2.6
"Green, Chad","643338","86","15.6",30.2,"111.2","92.1","81.3","96.7","87.7","415","193","392","45",52.3,"14",16.3,11.7
"Weissert, Greg","669711","85","11.7",38.8,"112.4","89.1","79.1","93.4","86.6","396","154","381","36",42.4,"4",4.7,3.2
"Blewett, Scott","656240","85","9",24.7,"113.7","91.7","82","95.4","88.7","419","144","401","39",45.9,"7",8.2,5.7
"Keller, Brad","641745","85","4.5",28.2,"106.8","86.6","75.4","93","84.9","373","116",,"28",32.9,"3",3.5,2.4
"Hernández, Carlos","672578","85","21.9",30.6,"112.1","90.6","79.6","93.1","90.4","420","200","402","37",43.5,"13",15.3,10.6
"King, John","667463","85","1",25.9,"117.9","88.9","77.4","91.8","87.3","443","112","403","34",40,"5",5.9,4.8
"Whitlock, Garrett","676477","85","13.7",40,"119","88.8","77.1","93.7","82.3","401","186","395","31",36.5,"12",14.1,8.3
"Scott, Tanner","656945","84","14.1",33.3,"109.1","91.6","82.1","97.8","88.5","424","158","396","39",46.4,"7",8.3,5.7
"Rocker, Kumar","677958","84","8.9",40.5,"112.2","92","80.6","93.3","91.9","425","165","413","43",51.2,"12",14.3,10.5
"Rutledge, Jackson","671131","83","14.8",27.7,"110.4","89.5","78.7","91.9","88.8","405","158","379","35",42.2,"6",7.2,4.7
"Pressly, Ryan","519151","83","6.7",31.3,"109.4","90.9","81","96.2","89.8","407","123","407","41",49.4,"5",6,4.4
"Sauer, Matt","669422","82","12.2",35.4,"110.3","90","80.6","92.2","88","424","159","397","30",36.6,"6",7.3,5.6
"Ferguson, Caleb","657571","82","8.7",31.7,"112.2","83.4","71.6","85.7","83","391","143",,"20",24.4,"3",3.7,2.5
"Sands, Cole","663485","82","11.6",25.6,"113.2","89.5","77.8","95","87.5","394","153","381","35",42.7,"7",8.5,6.4
"Rogers, Tyler","643511","82","-4.1",25.6,"109","86.5","75.1","91.9","84.1","399","114","380","29",35.4,"3",3.7,2.6
"Ferguson, Tyler","621053","82","18.7",29.3,"112.6","87.8","76.3","92.4","83.5","400","171","398","28",34.1,"6",7.3,4.7
"Eisert, Brandon","685126","82","13.1",37.8,"109.7","87.3","76.9","89.8","84.8","409","172","362","26",31.7,"6",7.3,4.7
"Doval, Camilo","666808","81","4.6",30.9,"111.1","87.7","75","92.3","85","427","136","427","31",38.3,"4",4.9,3.1
"Uceta, Edwin","670955","81","19",43.2,"113.6","92.4","82.4","94.2","90.4","425","216","402","37",45.7,"11",13.6,9
"Koenig, Jared","657649","81","9.4",28.4,"112.8","88.4","78.7","92","85.6","420","145","420","27",33.3,"2",2.5,1.6
"Wentz, Joey","666214","81","14.6",33.3,"111.4","92.4","83.4","93.4","92.1","403","169","375","39",48.1,"7",8.6,6.1
"Topa, Justin","623437","80","8.7",40,"112.9","90.1","78.7","95.5","88.2","394","161","394","40",50,"5",6.3,4.8
"Rodríguez, Yariel","684320","80","18.1",38.8,"109.3","87.1","74.6","92.2","80.7","415","183","392","31",38.8,"11",13.8,8.8
"Morejon, Adrian","670970","80","6.3",30,"111.5","85.7","73.7","90","83.9","399","122","399","21",26.3,"3",3.8,2.7
"Jacob, Alek","689690","80","18.9",36.3,"111","85.7","72.9","91.5","79.7","427","192","385","27",33.8,"7",8.8,6.1
"Burke, Brock","656271","80","11.8",26.3,"110.7","91.3","80.4","94.6","90.1","425","158","378","38",47.5,"8",10,6.9
"Fairbanks, Pete","664126","79","12.5",24.1,"109.2","90.2","81","91.5","90.8","386","140",,"32",40.5,"1",1.3,0.9
"López, Jorge","605347","79","8.9",40.5,"108.5","91.9","82","93.4","90.8","411","161","411","40",50.6,"5",6.3,4.8
"Thompson, Ryan","657044","79","6",35.4,"113.4","90.5","79","96.1","86.6","426","142","411","31",39.2,"8",10.1,7.1
"Estévez, Carlos","608032","79","23.7",32.9,"110.3","89.7","80","92.2","89.8","377","165",,"29",36.7,"5",6.3,4.1
"Detmers, Reid","672282","78","10.9",32.1,"118.3","88.8","78.1","92.4","84.8","409","157","368","30",38.5,"6",7.7,4.7
"Bernardino, Brennan","657514","78","6.7",29.5,"112.7","88.5","77","92.2","86.4","384","143","355","31",39.7,"7",9,5.9
"Lauer, Eric","641778","78","21.7",32.1,"110.1","90.9","81.6","93.8","88.7","399","189","386","35",44.9,"7",9,5.9
"Shugart, Chase","663767","78","17.6",41,"111.4","86.2","74.6","91.7","80.2","391","177","387","27",34.6,"4",5.1,3.7
"Varland, Louis","686973","78","4.6",24.4,"112.2","90.3","78","95.8","88","412","127","394","40",51.3,"7",9,5.7
"Duran, Jhoan","661395","78","-5.5",19.2,"113.6","87.9","75.9","90.4","87.6","366","86",,"30",38.5,"2",2.6,1.6
"García, Luis","472610","78","0",37.2,"110.5","91.8","80.8","98.6","86.9","386","132","386","39",50,"6",7.7,5.2
"Santana, Dennis","642701","78","11.6",35.9,"108.1","88.1","77.3","93","82.6","403","176","403","27",34.6,"7",9,6.5
"Iglesias, Raisel","628452","77","15.2",46.8,"111.5","88.9","77.3","94.7","80.6","423","194","401","28",36.4,"11",14.3,9.8
"Henriquez, Ronny","678692","77","18.3",39,"112.6","87.1","74.6","93.3","80.7","417","184","404","31",40.3,"11",14.3,8
"Salazar, Eduardo","674285","77","5.5",31.2,"110.5","89","76.9","91.8","88.3","397","132","383","33",42.9,"7",9.1,6.6
"Banks, Tanner","621383","77","13.7",39,"112.3","88.3","76.3","93","84.2","408","173","383","31",40.3,"9",11.7,7.9
"Gordon, Colton","676467","77","18.6",35.1,"111.5","90.4","80.9","93.4","88.2","412","182","365","29",37.7,"6",7.8,5.7
"McCullers Jr., Lance","621121","77","12.6",35.1,"107.9","91.2","81.7","95.9","86.8","413","171","374","42",54.5,"8",10.4,5.8
"Kerkering, Orion","689147","77","16.9",35.1,"113.9","85","72.6","89","84","371","157","361","24",31.2,"5",6.5,4.2
"Halvorsen, Seth","678020","77","2.4",29.9,"112.8","87.8","76.1","94","84.6","465","132","424","29",37.7,"7",9.1,6.1
"Palmquist, Carson","687223","76","21.4",32.9,"110.1","87.8","76.1","93.2","81.5","439","192","419","29",38.2,"10",13.2,9.3
"King, Bryan","687911","76","21",38.2,"109","86.3","76.5","89.8","82.5","395","173","369","22",28.9,"2",2.6,1.8
"Holman, Grant","680880","76","9.5",34.2,"113.5","88.7","77","94.4","83","426","171","414","34",44.7,"9",11.8,8.7
"Brieske, Beau","689225","75","15.6",26.7,"110","89.4","78.1","94.7","85.6","394","174","378","38",50.7,"6",8,5.8
"Bender, Anthony","669622","75","13",21.3,"108.8","91.7","82.5","93.3","91.3","409","161","389","35",46.7,"5",6.7,4.5
"De Los Santos, Enyel","660853","75","17.3",34.7,"111.4","87.1","74.7","91.5","82.4","434","177","424","28",37.3,"7",9.3,6.1
"Strahm, Matt","621381","74","27.6",33.8,"110.6","89.8","78.9","92.7","91","424","185","404","32",43.2,"5",6.8,4.4
"Kahnle, Tommy","592454","74","10.6",29.7,"110.4","86.9","75.5","95.2","80.3","408","138","397","24",32.4,"5",6.8,4.6
"Sterner, Justin","686993","74","25.1",35.1,"112.3","92","83.4","93.6","90.4","433","209","406","31",41.9,"7",9.5,5.7
"Estrada, Jeremiah","669093","74","20.9",36.5,"111.4","91.6","82","94.1","89.7","420","187","400","31",41.9,"6",8.1,4.7
"Walker, Ryan","676254","73","8.7",31.5,"112.5","85.9","74.6","90.6","80.3","383","149","361","21",28.8,"4",5.5,3.7
"Bowman, Matt","621199","73","13.3",35.6,"110.2","87","75.2","92.6","81.5","410","175","395","24",32.9,"5",6.8,5.3
"Cantillo, Joey","676282","73","12.1",35.6,"110.6","89.6","78.3","92.8","86.6","421","163","406","31",42.5,"7",9.6,5.7
"Schreiber, John","670167","73","11",31.5,"113","87.3","75","90.3","86.2","429","140","397","25",34.2,"6",8.2,5.4
"Lee, Dylan","669276","72","16.3",27.8,"109.5","87.5","76.7","93.9","81.4","400","166","373","26",36.1,"6",8.3,5.5
"Uribe, Abner","682842","72","8.8",34.7,"113.4","86.2","73.1","90.4","84.4","427","126","419","25",34.7,"2",2.8,1.6
"Bachar, Lake","669199","72","18.5",36.1,"108.7","90.7","82.2","95.4","84","417","184","399","32",44.4,"6",8.3,4.8
"Barlow, Scott","605130","72","15.3",25,"109.8","88.2","78.9","91.3","86.6","407","140","395","19",26.4,"3",4.2,2.5
"Orze, Eric","679358","72","15.6",33.3,"110.2","87.1","77.8","88.9","88.6","393","152",,"19",26.4,"3",4.2,2.9
"Cecconi, Slade","677944","72","17.6",50,"111.9","93","83.6","94.5","91.2","410","209","392","35",48.6,"13",18.1,11.9
"Harris, Hogan","663687","72","18.1",43.1,"111.9","88.6","80.3","90.4","86.1","431","196","387","16",22.2,"5",6.9,4.3
"Stratton, Chris","608717","72","9.4",36.1,"109.4","87.3","75.3","92.5","83.4","425","158","403","26",36.1,"7",9.7,6.7
"Bummer, Aaron","607481","72","1.7",27.8,"105.1","88.5","79.7","91","87.3","376","121",,"25",34.7,"1",1.4,0.9
"Trivino, Lou","642152","71","15.4",36.6,"113.2","86.4","74.4","90.6","82.4","413","160","395","23",32.4,"7",9.9,6.8
"Akin, Keegan","669211","71","22",38,"109.6","90.1","79.9","92.1","88.4","421","199","402","29",40.8,"7",9.9,6
"Jax, Griffin","643377","71","9.6",42.3,"110.9","89","76.2","94","83.6","420","155","398","35",49.3,"8",11.3,6.5
"Leiter Jr., Mark","643410","71","10.5",28.2,"110.3","85.8","73","90","83","410","136","397","22",31,"5",7,4.2
"Mears, Nick","683232","71","14.8",35.2,"109.9","89.8","79.1","94.6","85.1","404","182","395","28",39.4,"5",7,5.2
"Hoffman, Jeff","656546","71","17.3",35.2,"115.3","90.3","79.2","96","86.5","432","174","405","29",40.8,"9",12.7,7.4
"Alcala, Jorge","660896","70","17.5",30,"111.5","88.4","77.2","94.3","86.7","422","166","397","25",35.7,"8",11.4,7
"Miller, Shelby","571946","70","13.4",35.7,"113.4","88.3","76.2","91.3","85.4","408","171","408","30",42.9,"4",5.7,3.5
"Garcia, Robert","676395","70","11.4",38.6,"107.4","89.2","79.1","92.5","84.9","406","170","352","24",34.3,"5",7.1,4.8
"Matsui, Yuki","673513","70","20.2",27.1,"113.8","89.6","80.3","92.8","88.6","399","193","378","27",38.6,"5",7.1,4.4
"Faucher, Calvin","676534","70","9.1",38.6,"113.4","85.6","74.4","89.5","81.2","415","153","411","17",24.3,"3",4.3,2.9
"Finnegan, Kyle","640448","70","11",31.4,"111","90.5","80.4","91.5","90.8","383","147",,"28",40,"6",8.6,6
"Suarez, Robert","663158","70","19.7",28.6,"109.7","91.8","82.2","94.3","94.4","391","164",,"31",44.3,"6",8.6,5.5
"Myers, Tobias","668964","70","14.2",32.9,"110.1","90.6","80.1","94.1","89.6","420","170","382","31",44.3,"3",4.3,3.1
"Weathers, Ryan","677960","70","15.9",34.3,"113.5","88.4","78.6","92.4","82.9","438","184","406","24",34.3,"6",8.6,5.9
"Pérez, Cionel","672335","69","3.4",18.8,"108.6","90.6","81.1","92.1","90.4","387","119","377","31",44.9,"2",2.9,1.8
"Jansen, Kenley","445276","69","26",39.1,"119.6","94.3","86.9","96.1","91.5","430","218","403","33",47.8,"8",11.6,8.2
"Agnos, Zach","688642","69","13.8",29,"110.1","89.2","77.8","92.8","85.8","450","176","410","28",40.6,"7",10.1,7.8
"Garrett, Reed","657585","69","12.8",31.9,"111.7","88.5","75.9","94.2","84.4","410","164","366","29",42,"4",5.8,3.4
"Lopez, Jacob","682052","69","26.3",36.2,"109.7","87.5","76.1","92.7","71.2","432","205","403","20",29,"6",8.7,5.2
"Strider, Spencer","675911","68","19.6",35.3,"113.2","92.1","82.6","95.4","89.8","445","199","414","28",41.2,"7",10.3,6.5
"Leasure, Jordan","673929","68","20.9",35.3,"114.7","90.9","81.5","94.1","89.7","409","170","383","27",39.7,"8",11.8,7.4
"Stanek, Ryne","592773","68","21.6",30.9,"110.2","89.9","80.3","91.2","90.6","406","179","406","27",39.7,"6",8.8,6.2
"Pagán, Emilio","641941","68","24.1",25,"110.5","89.7","78.9","94.2","86.8","422","204","385","30",44.1,"8",11.8,7.1
"Okert, Steven","595345","68","29.6",32.4,"110.5","90.2","80.2","92.4","88.7","398","219","367","24",35.3,"7",10.3,6
"Armstrong, Shawn","542888","68","20.3",39.7,"108.6","88.8","78.2","90.6","86.7","411","193","411","27",39.7,"4",5.9,3.6
"Fitts, Richard","690916","67","13.2",38.8,"112.1","89.3","77.8","91.2","87.9","454","176","404","29",43.3,"9",13.4,9.9
"Fluharty, Mason","689254","67","19.3",26.9,"115","84.7","72.9","87.2","85.1","376","168","376","19",28.4,"4",6,3.7
"Helsley, Ryan","664854","67","14.3",38.8,"108.4","91.8","82.8","93","92.3","415","166","403","32",47.8,"4",6,3.7
"Abreu, Bryan","650556","67","10.4",35.8,"112","91.2","80.9","97.3","85.5","389","164","369","32",47.8,"7",10.4,5.8
"Baker, Bryan","641329","67","19.1",34.3,"109.7","89.5","78.2","94.5","86.9","433","186","410","31",46.3,"10",14.9,8.9
"Kershaw, Clayton","477132","67","13.6",35.8,"112.7","93.7","84.3","98.1","90.8","412","162","405","37",55.2,"4",6,4.4
"Slaten, Justin","686580","67","11.8",31.3,"111.8","89.5","80.6","93","87.5","404","162","404","23",34.3,"4",6,4.4
"Houser, Adrian","605288","67","10.8",37.3,"110","91.2","82.5","93.6","91.7","371","150","358","33",49.3,"2",3,2.2
"Legumina, Casey","668984","67","18.3",25.4,"106.9","90.2","80.4","92.3","89.8","381","147","371","27",40.3,"4",6,3.8
"Gilbert, Logan","669302","66","8.8",28.8,"112.7","89.4","79.1","94.6","88.1","432","141","414","27",40.9,"3",4.5,2.6
"Soto, Gregory","642397","66","9.5",33.3,"109.5","90.5","79.9","95.1","88.6","408","155","378","29",43.9,"2",3,1.9
"Harrison, Kyle","690986","66","14.7",43.9,"110.9","92.8","84.1","96.9","86.9","424","189","397","32",48.5,"7",10.6,7
"Civale, Aaron","650644","66","23.6",37.9,"113.1","87.1","75.2","90.8","81.2","410","203","390","23",34.8,"6",9.1,6.4
"Zeferjahn, Ryan","666171","65","9.2",40,"114.9","90.2","78.8","95.7","86.8","433","159","396","29",44.6,"4",6.2,3.6
"Boushley, Caleb","676961","65","7.7",36.9,"108.7","90.3","79.8","94.1","86.4","420","162","374","33",50.8,"7",10.8,7.6
"Little, Brendon","663893","65","1",30.8,"108.5","90","79.3","94.4","88.4","386","121","386","31",47.7,"5",7.7,3.9
"Steele, Justin","657006","65","10",33.8,"111.7","92","82.1","96.5","87.6","430","165","387","31",47.7,"6",9.2,6.5
"Smith, Cade","671922","65","15",44.6,"109.4","90.9","82.2","92.2","91.2","370","189",,"29",44.6,"3",4.6,2.5
"Romano, Jordan","605447","65","17.4",36.9,"116.4","88.7","77","91.3","88.1","425","177","396","25",38.5,"6",9.2,5.5
"Vesia, Alex","681911","64","28.1",35.9,"113","91.1","80.5","97.1","84.8","443","189","408","27",42.2,"11",17.2,9.6
"Borucki, Ryan","621366","64","5.8",26.6,"111","86.9","74.2","96.6","83.4","412","123","398","24",37.5,"4",6.3,4.3
"Thornton, Trent","663423","64","10.2",37.5,"111.4","92","81.2","94.1","90.2","408","174","378","31",48.4,"7",10.9,8.1
"Thielbar, Caleb","573204","63","23.3",25.4,"113.6","89.4","80.4","92.8","89.3","383","163",,"21",33.3,"3",4.8,3.2
"Gaddis, Hunter","683769","63","18",31.7,"113.7","89.6","79.8","91.5","88.2","406","163","387","19",30.2,"4",6.3,3.6
"Weaver, Luke","596133","63","22.3",34.9,"114.8","91.3","82.4","94.5","82.5","417","218","410","27",42.9,"6",9.5,6.4
"Jackson, Luke","592426","63","8.7",25.4,"114.4","92.1","81.6","95.7","90.5","398","142","394","29",46,"5",7.9,5.6
"Cruz, Steven","674444","62","10.7",33.9,"111.7","88.3","78.6","93.6","84.6","413","146","408","18",29,"3",4.8,3.2
"Veneziano, Anthony","685107","62","12.5",30.6,"113.9","92.1","80.4","92.4","91.7","426","170","412","31",50,"9",14.5,9.9
"Chapman, Aroldis","547973","62","17.6",38.7,"108.5","90.4","80.3","94.4","85.7","393","174","376","29",46.8,"5",8.1,4.5
"Merryweather, Julian","657240","62","10.7",35.5,"114","93.4","85.2","95.7","90.8","400","159","391","32",51.6,"6",9.7,6.8
"Miller, Erik","669062","62","11.3",30.6,"108.4","88.6","79.4","92.6","87.1","389","136",,"20",32.3,"2",3.2,2
"Johnson, Pierce","572955","61","16",36.1,"111.7","91.4","81.8","95.4","88.6","438","187","402","26",42.6,"7",11.5,7.4
"Englert, Mason","669438","61","12.9",42.6,"113.8","92.9","82.7","93.9","93.3","384","167","378","32",52.5,"6",9.8,6.7
"Williams, Devin","642207","61","15.4",34.4,"110","88.9","77.6","90.5","89.3","413","164","413","21",34.4,"5",8.2,4.7
"Lucas, Easton","687922","61","15.9",34.4,"111.7","91.1","80.9","95.4","88","444","166","409","27",44.3,"7",11.5,7.5
"Rogers, Taylor","573124","61","11.8",31.1,"109.7","89.5","79.5","93.4","85.8","388","157","351","23",37.7,"7",11.5,7.8
"Latz, Jacob","656641","61","15.6",32.8,"109.6","89.3","79","94.1","85.8","431","161","397","26",42.6,"5",8.2,5.1
"Festa, David","701581","61","18.8",44.3,"110.4","91.7","81.9","93.7","89.2","433","197","416","26",42.6,"7",11.5,7.2
"Soriano, George","666277","60","10.5",48.3,"113.4","90.6","79","94.7","85.2","434","189","410","29",48.3,"10",16.7,10.5
"Hernández, Daysbel","678226","60","10.5",26.7,"110.3","88.5","78.4","90.6","88.8","358","134",,"21",35,"2",3.3,2
"Maton, Phil","664208","60","8.5",35,"110.4","84.3","71.4","90.8","81","391","139",,"20",33.3,"3",5,2.9
"Megill, Trevor","656730","59","12.3",42.4,"111.7","89.4","79.3","93.4","82.3","415","184","385","20",33.9,"7",11.9,7.4
"Romero, JoJo","668941","59","6.5",27.1,"112.5","89.4","78.3","95.4","87.3","388","146","388","24",40.7,"5",8.5,5.8
"Montgomery, Mason","682254","59","11.4",33.9,"110.7","88.5","76","88.5","90.2","430","150","380","22",37.3,"6",10.2,6
"Gómez, Yoendrys","672782","59","13.7",39,"112","89.2","77.2","95.2","80.8","424","197","399","23",39,"10",16.9,11.6
"Montero, Rafael","606160","59","11.5",28.8,"108.8","90.6","80","94.9","86.5","416","157","416","26",44.1,"5",8.5,5.2
"Muñoz, Andrés","662253","59","5.2",25.4,"108.8","88.1","75.9","91.6","86.7","410","123","410","25",42.4,"4",6.8,3.7
"Herrin, Tim","682120","59","14.5",25.4,"108.5","90.6","81.1","91.3","92.2","397","167","375","29",49.2,"3",5.1,3
"Cleavinger, Garrett","664076","59","15.5",39,"110","90.1","79.6","92.4","90.5","417","170","375","24",40.7,"4",6.8,4
"Cano, Yennier","666974","59","5.6",28.8,"106.7","87.9","77.1","92.2","85.9","407","131","385","20",33.9,"4",6.8,4.4
"Domínguez, Seranthony","622554","58","16.4",37.9,"111.9","85.5","74.6","88.5","83.3","422","154","397","17",29.3,"4",6.9,3.8
"Booser, Cam","592155","58","19.4",27.6,"110","91","81","92.6","93.3","417","172","398","25",43.1,"5",8.6,5
"Rodríguez, Randy","678495","58","15.3",27.6,"111.7","90.8","80.6","94.8","86.4","395","170","350","25",43.1,"5",8.6,4.8
"Palencia, Daniel","694037","57","10.7",43.9,"113","90.5","81.9","93.2","91.4","438","172","438","24",42.1,"2",3.5,2.2
"Kirby, George","669923","57","11.3",36.8,"113.3","91.2","81.9","93.6","88.5","435","168","412","27",47.4,"6",10.5,6.8
"Henry, Cole","669371","57","23",33.3,"109.8","88.9","78","91.5","92.8","406","179","400","22",38.6,"4",7,4
"Speier, Gabe","642100","56","10.7",30.4,"112.4","90.4","78.3","95.2","86.6","389","157","356","25",44.6,"7",12.5,7
"Wilson, Justin","458677","55","10.8",30.9,"106.5","86","75.3","86.9","85.6","354","128",,"16",29.1,"1",1.8,1.1
"Murdock, Noah","668716","55","11.5",36.4,"105.8","88.3","77.5","91.7","86.6","403","164",,"22",40,"4",7.3,4.1
"Hader, Josh","623352","55","27.5",40,"108.7","87","77.7","89.7","83.6","394","194","376","14",25.5,"4",7.3,3.7
"Cruz, Fernando","518585","54","19.6",46.3,"113.3","86.9","74.4","92.1","83.8","418","190","390","22",40.7,"5",9.3,4.7
"Wilson, Steven","621051","54","23.7",35.2,"114.9","89.4","78.7","94.2","85.1","435","197","417","19",35.2,"6",11.1,6.8
"Bednar, David","670280","54","10.3",33.3,"110.2","91","80.6","94.2","87.2","418","175","413","25",46.3,"7",13,7.5
"Sousa, Bennett","656986","52","13.8",34.6,"109.6","89","77.6","94.7","81.5","431","171","431","19",36.5,"4",7.7,4.6
"Díaz, Edwin","621242","51","11.6",31.4,"111.3","87.5","75.9","93.5","81.2","399","152","377","19",37.3,"2",3.9,1.9
"Hamilton, Ian","641656","49","14.4",32.7,"108.6","89.2","79.4","91.5","87.6","390","159","376","17",34.7,"3",6.1,3.4
"Bautista, Félix","642585","49","6.1",32.7,"110.5","86.3","73","100.2","78.9","421","135","407","18",36.7,"5",10.2,5.4
"Yates, Kirby","489446","46","15.6",34.8,"108.5","89.5","78.8","95.8","82.7","411","178","395","20",43.5,"5",10.9,5.7
"Miller, Mason","695243","43","12.8",39.5,"107.2","88.1","76.7","93","82.5","409","188","392","19",44.2,"6",14,6.3