timestamp,player_name,current_odds,previous_odds,opening_odds,movement_from_previous,previous_delta,total_runs,trend_direction
2025-06-11T17:07:11.711471,Pete Alonso,+195,+195,+195,NEW,0,1,none
2025-06-11T17:07:11.711471,Aaron Judge,+200,+200,+200,NEW,0,1,none
2025-06-11T17:07:11.711471,Francisco Lindor,+215,+215,+215,NEW,0,1,none
2025-06-11T17:07:11.711471,Rafael Devers,+220,+220,+220,NEW,0,1,none
2025-06-11T17:07:11.711471,Juan Soto,+255,+255,+255,NEW,0,1,none
2025-06-11T17:07:11.711471,Gunnar Henderson,+260,+260,+260,NEW,0,1,none
2025-06-11T17:07:11.711471,Christian Walker,+285,+285,+285,NEW,0,1,none
2025-06-11T17:07:11.711471,Junior Caminero,+290,+290,+290,NEW,0,1,none
2025-06-11T17:07:11.711471,Brandon Lowe,+300,+300,+300,NEW,0,1,none
2025-06-11T17:07:11.711471,Kerry Carpenter,+300,+300,+300,NEW,0,1,none
2025-06-11T17:07:11.711471,Matt Wallner,+320,+320,+320,NEW,0,1,none
2025-06-11T17:07:11.711471,Hunter Goodman,+330,+330,+330,NEW,0,1,none
2025-06-11T17:07:11.711471,Bobby Witt Jr.,+340,+340,+340,NEW,0,1,none
2025-06-11T17:07:11.711471,Corey Seager,+340,+340,+340,NEW,0,1,none
2025-06-11T17:07:11.711471,Yandy Diaz,+350,+350,+350,NEW,0,1,none
2025-06-11T17:07:11.711471,Brandon Nimmo,+350,+350,+350,NEW,0,1,none
2025-06-11T17:07:11.711471,Jonathan Aranda,+350,+350,+350,NEW,0,1,none
2025-06-11T17:07:11.711471,Riley Greene,+350,+350,+350,NEW,0,1,none
2025-06-11T17:07:11.711471,Byron Buxton,+350,+350,+350,NEW,0,1,none
2025-06-11T17:07:11.711471,Colton Cowser,+360,+360,+360,NEW,0,1,none
2025-06-11T17:07:11.711471,Carlos Narvaez,+370,+370,+370,NEW,0,1,none
2025-06-11T17:07:11.711471,Isaac Paredes,+380,+380,+380,NEW,0,1,none
2025-06-11T17:07:11.711471,Miguel Vargas,+390,+390,+390,NEW,0,1,none
2025-06-11T17:07:11.711471,Adley Rutschman,+390,+390,+390,NEW,0,1,none
2025-06-11T17:07:11.711471,Cedric Mullins,+390,+390,+390,NEW,0,1,none
2025-06-11T17:07:11.711471,Jarren Duran,+390,+390,+390,NEW,0,1,none
2025-06-11T17:07:11.711471,Trevor Story,+400,+400,+400,NEW,0,1,none
2025-06-11T17:07:11.711471,Luis Robert,+400,+400,+400,NEW,0,1,none
2025-06-11T17:07:11.711471,Salvador Perez,+425,+425,+425,NEW,0,1,none
2025-06-11T17:07:11.711471,Kody Clemens,+425,+425,+425,NEW,0,1,none
2025-06-11T17:07:11.711471,Josh Lowe,+425,+425,+425,NEW,0,1,none
2025-06-11T17:07:11.711471,Ronny Mauricio,+425,+425,+425,NEW,0,1,none
2025-06-11T17:07:11.711471,Paul Goldschmidt,+425,+425,+425,NEW,0,1,none
2025-06-11T17:07:11.711471,Jake Burger,+425,+425,+425,NEW,0,1,none
2025-06-11T17:07:11.711471,Yainer Diaz,+425,+425,+425,NEW,0,1,none
2025-06-11T17:07:11.711471,Kameron Misner,+425,+425,+425,NEW,0,1,none
2025-06-11T17:07:11.711471,Jordan Beck,+425,+425,+425,NEW,0,1,none
2025-06-11T17:07:11.711471,Jared Young,+425,+425,+425,NEW,0,1,none
2025-06-11T17:07:11.711471,Jeff McNeil,+450,+450,+450,NEW,0,1,none
2025-06-11T17:07:11.711471,Jackson Holliday,+450,+450,+450,NEW,0,1,none
2025-06-11T17:07:11.711471,Wyatt Langford,+450,+450,+450,NEW,0,1,none
2025-06-11T17:07:11.711471,Spencer Torkelson,+450,+450,+450,NEW,0,1,none
2025-06-11T17:07:11.711471,Ryan O'Hearn,+450,+450,+450,NEW,0,1,none
2025-06-11T17:07:11.711471,Casey Schmitt,+475,+475,+475,NEW,0,1,none
2025-06-11T17:07:11.711471,Parker Meadows,+475,+475,+475,NEW,0,1,none
2025-06-11T17:07:11.711471,Jordan Westburg,+500,+500,+500,NEW,0,1,none
2025-06-11T17:07:11.711471,Ramon Laureano,+500,+500,+500,NEW,0,1,none
2025-06-11T17:07:11.711471,Adolis Garcia,+500,+500,+500,NEW,0,1,none
2025-06-11T17:07:11.711471,Jeremy Pena,+500,+500,+500,NEW,0,1,none
2025-06-11T17:07:11.711471,Trevor Larnach,+500,+500,+500,NEW,0,1,none
2025-06-11T17:07:11.711471,Abraham Toro,+500,+500,+500,NEW,0,1,none
2025-06-11T17:07:11.711471,Marcus Semien,+500,+500,+500,NEW,0,1,none
2025-06-11T17:07:11.711471,Roman Anthony,+500,+500,+500,NEW,0,1,none
2025-06-11T17:07:11.711471,Brenton Doyle,+500,+500,+500,NEW,0,1,none
2025-06-11T17:07:11.711471,Mike Yastrzemski,+550,+550,+550,NEW,0,1,none
2025-06-11T17:07:11.711471,Brett Baty,+550,+550,+550,NEW,0,1,none
2025-06-11T17:07:11.711471,Ben Rice,+550,+550,+550,NEW,0,1,none
2025-06-11T17:07:11.711471,Vinnie Pasquantino,+550,+550,+550,NEW,0,1,none
2025-06-11T17:07:11.711471,Kristian Campbell,+550,+550,+550,NEW,0,1,none
2025-06-11T17:07:11.711471,Marcelo Mayer,+550,+550,+550,NEW,0,1,none
2025-06-11T17:07:11.711471,Mike Tauchman,+600,+600,+600,NEW,0,1,none
2025-06-11T17:07:11.711471,Orlando Arcia,+600,+600,+600,NEW,0,1,none
2025-06-11T17:07:11.711471,Andrew Benintendi,+600,+600,+600,NEW,0,1,none
2025-06-11T17:07:11.711471,Ceddanne Rafaela,+600,+600,+600,NEW,0,1,none
2025-06-11T17:07:11.711471,Jose Altuve,+600,+600,+600,NEW,0,1,none
2025-06-11T17:07:11.711471,Cam Smith,+600,+600,+600,NEW,0,1,none
2025-06-11T17:07:11.711471,Keston Hiura,+600,+600,+600,NEW,0,1,none
2025-06-11T17:07:11.711471,James Wood,+600,+600,+600,NEW,0,1,none
2025-06-11T17:07:11.711471,Tim Elko,+600,+600,+600,NEW,0,1,none
2025-06-11T17:07:11.711471,Kyle Farmer,+650,+650,+650,NEW,0,1,none
2025-06-11T17:07:11.711471,Andres Chaparro,+650,+650,+650,NEW,0,1,none
2025-06-11T17:07:11.711471,Jonathan India,+650,+650,+650,NEW,0,1,none
2025-06-11T17:07:11.711471,Thairo Estrada,+650,+650,+650,NEW,0,1,none
2025-06-11T17:07:11.711471,CJ Abrams,+650,+650,+650,NEW,0,1,none
2025-06-11T17:07:11.711471,Jake Meyers,+650,+650,+650,NEW,0,1,none
2025-06-11T17:07:11.711471,Austin Wells,+650,+650,+650,NEW,0,1,none
2025-06-11T17:07:11.711471,Jacob Melton,+650,+650,+650,NEW,0,1,none
2025-06-11T17:07:11.711471,Joshua Palacios,+650,+650,+650,NEW,0,1,none
2025-06-11T17:07:11.711471,Wenceel Perez,+650,+650,+650,NEW,0,1,none
2025-06-11T17:07:11.711471,Colt Keith,+650,+650,+650,NEW,0,1,none
2025-06-11T17:07:11.711471,Brooks Lee,+700,+700,+700,NEW,0,1,none
2025-06-11T17:07:11.711471,Evan Carter,+700,+700,+700,NEW,0,1,none
2025-06-11T17:07:11.711471,Josh Smith,+700,+700,+700,NEW,0,1,none
2025-06-11T17:07:11.711471,Victor Caratini,+700,+700,+700,NEW,0,1,none
2025-06-11T17:07:11.711471,Josh Jung,+700,+700,+700,NEW,0,1,none
2025-06-11T17:07:11.711471,Chase Meidroth,+750,+750,+750,NEW,0,1,none
2025-06-11T17:07:11.711471,Willi Castro,+750,+750,+750,NEW,0,1,none
2025-06-11T17:07:11.711471,Anthony Volpe,+750,+750,+750,NEW,0,1,none
2025-06-11T17:07:11.711471,Luis Torrens,+750,+750,+750,NEW,0,1,none
2025-06-11T17:07:11.711471,Maikel Garcia,+750,+750,+750,NEW,0,1,none
2025-06-11T17:07:11.711471,Carlos Correa,+750,+750,+750,NEW,0,1,none
2025-06-11T17:07:11.711471,Ryan Ritter,+750,+750,+750,NEW,0,1,none
2025-06-11T17:07:11.711471,Riley Adams,+750,+750,+750,NEW,0,1,none
2025-06-11T17:07:11.711471,Kyle Teel,+750,+750,+750,NEW,0,1,none
2025-06-11T17:07:11.711471,Tyler Freeman,+800,+800,+800,NEW,0,1,none
2025-06-11T17:07:11.711471,Jazz Chisholm,+800,+800,+800,NEW,0,1,none
2025-06-11T17:07:11.711471,Gleyber Torres,+800,+800,+800,NEW,0,1,none
2025-06-11T17:07:11.711471,Ty France,+800,+800,+800,NEW,0,1,none
2025-06-11T17:07:11.711471,Cody Bellinger,+800,+800,+800,NEW,0,1,none
2025-06-11T17:07:11.711471,Alex Call,+800,+800,+800,NEW,0,1,none
2025-06-11T17:07:11.711471,Jac Caglianone,+800,+800,+800,NEW,0,1,none
2025-06-11T17:07:11.711471,Nathaniel Lowe,+850,+850,+850,NEW,0,1,none
2025-06-11T17:07:11.711471,Matt Thaiss,+850,+850,+850,NEW,0,1,none
2025-06-11T17:07:11.711471,Trent Grisham,+850,+850,+850,NEW,0,1,none
2025-06-11T17:07:11.711471,Amed Rosario,+850,+850,+850,NEW,0,1,none
2025-06-11T17:07:11.711471,Jonah Heim,+850,+850,+850,NEW,0,1,none
2025-06-11T17:07:11.711471,Zach McKinstry,+850,+850,+850,NEW,0,1,none
2025-06-11T17:07:11.711471,Ramon Urias,+850,+850,+850,NEW,0,1,none
2025-06-11T17:07:11.711471,Jake Rogers,+900,+900,+900,NEW,0,1,none
2025-06-11T17:07:11.711471,Jake Mangum,+950,+950,+950,NEW,0,1,none
2025-06-11T17:07:11.711471,Luis Garcia (WAS),+1000,+1000,+1000,NEW,0,1,none
2025-06-11T17:07:11.711471,Taylor Walls,+1000,+1000,+1000,NEW,0,1,none
2025-06-11T17:07:11.711471,DJ LeMahieu,+1000,+1000,+1000,NEW,0,1,none
2025-06-11T17:07:11.711471,John Rave,+1100,+1100,+1100,NEW,0,1,none
2025-06-11T17:07:11.711471,Drew Waters,+1100,+1100,+1100,NEW,0,1,none
2025-06-11T17:07:11.711471,Josh Rojas,+1200,+1200,+1200,NEW,0,1,none
2025-06-11T17:07:11.711471,Jacob Young,+1300,+1300,+1300,NEW,0,1,none
2025-06-11T17:07:11.711471,Christian Vazquez,+1300,+1300,+1300,NEW,0,1,none
2025-06-11T17:07:11.711471,Kyle Isbel,+1500,+1500,+1500,NEW,0,1,none
2025-06-12T08:00:28.671586,Pete Alonso,+200,+195,+195,NEW,0,2,stable
2025-06-12T08:00:28.671586,Aaron Judge,+220,+200,+200,NEW,0,2,stable
2025-06-12T08:00:28.671586,Kerry Carpenter,+225,+300,+300,NEW,0,2,bearish
2025-06-12T08:00:28.671586,Willy Adames,+265,+265,+265,NEW,0,1,none
2025-06-12T08:00:28.671586,Riley Greene,+275,+350,+350,NEW,0,2,bearish
2025-06-12T08:00:28.671586,Heliot Ramos,+280,+280,+280,NEW,0,1,none
2025-06-12T08:00:28.671586,Isaac Paredes,+285,+380,+380,NEW,0,2,bearish
2025-06-12T08:00:28.671586,Mike Yastrzemski,+285,+550,+550,NEW,0,2,bearish
2025-06-12T08:00:28.671586,Christian Walker,+300,+285,+285,NEW,0,2,stable
2025-06-12T08:00:28.671586,Francisco Lindor,+300,+215,+215,NEW,0,2,bullish
2025-06-12T08:00:28.671586,Juan Soto,+300,+255,+255,NEW,0,2,bullish
2025-06-12T08:00:28.671586,Spencer Torkelson,+320,+450,+450,NEW,0,2,bearish
2025-06-12T08:00:28.671586,Corey Seager,+320,+340,+340,NEW,0,2,stable
2025-06-12T08:00:28.671586,Wilmer Flores (SF),+340,+340,+340,NEW,0,1,none
2025-06-12T08:00:28.671586,Jordan Beck,+340,+425,+425,NEW,0,2,bearish
2025-06-12T08:00:28.671586,Byron Buxton,+340,+350,+350,NEW,0,2,stable
2025-06-12T08:00:28.671586,Brandon Nimmo,+350,+350,+350,NEW,0,2,stable
2025-06-12T08:00:28.671586,Oneil Cruz,+360,+360,+360,NEW,0,1,none
2025-06-12T08:00:28.671586,Ronny Mauricio,+390,+425,+425,NEW,0,2,bearish
2025-06-12T08:00:28.671586,Parker Meadows,+390,+475,+475,NEW,0,2,bearish
2025-06-12T08:00:28.671586,Tyler Fitzgerald,+400,+400,+400,NEW,0,1,none
2025-06-12T08:00:28.671586,Jeremy Pena,+400,+500,+500,NEW,0,2,bearish
2025-06-12T08:00:28.671586,Jared Young,+400,+425,+425,NEW,0,2,bearish
2025-06-12T08:00:28.671586,Yainer Diaz,+425,+425,+425,NEW,0,2,stable
2025-06-12T08:00:28.671586,Wyatt Langford,+425,+450,+450,NEW,0,2,bearish
2025-06-12T08:00:28.671586,Jake Burger,+425,+425,+425,NEW,0,2,stable
2025-06-12T08:00:28.671586,Colt Keith,+425,+650,+650,NEW,0,2,bearish
2025-06-12T08:00:28.671586,Bobby Witt Jr.,+425,+340,+340,NEW,0,2,bullish
2025-06-12T08:00:28.671586,Ryan McMahon,+450,+450,+450,NEW,0,1,none
2025-06-12T08:00:28.671586,Luis Torrens,+450,+750,+750,NEW,0,2,bearish
2025-06-12T08:00:28.671586,Dillon Dingler,+450,+450,+450,NEW,0,1,none
2025-06-12T08:00:28.671586,James Wood,+475,+600,+600,NEW,0,2,bearish
2025-06-12T08:00:28.671586,Wenceel Perez,+475,+650,+650,NEW,0,2,bearish
2025-06-12T08:00:28.671586,Mickey Moniak,+475,+475,+475,NEW,0,1,none
2025-06-12T08:00:28.671586,Ben Rice,+475,+550,+550,NEW,0,2,bearish
2025-06-12T08:00:28.671586,Gunnar Henderson,+475,+260,+260,NEW,0,2,bullish
2025-06-12T08:00:28.671586,Jake Meyers,+500,+650,+650,NEW,0,2,bearish
2025-06-12T08:00:28.671586,Casey Schmitt,+500,+475,+475,NEW,0,2,bullish
2025-06-12T08:00:28.671586,Salvador Perez,+500,+425,+425,NEW,0,2,bullish
2025-06-12T08:00:28.671586,CJ Abrams,+500,+650,+650,NEW,0,2,bearish
2025-06-12T08:00:28.671586,Seiya Suzuki,+500,+500,+500,NEW,0,1,none
2025-06-12T08:00:28.671586,Marcus Semien,+500,+500,+500,NEW,0,2,stable
2025-06-12T08:00:28.671586,Colton Cowser,+500,+360,+360,NEW,0,2,bullish
2025-06-12T08:00:28.671586,Evan Carter,+500,+700,+700,NEW,0,2,bearish
2025-06-12T08:00:28.671586,Gleyber Torres,+500,+800,+800,NEW,0,2,bearish
2025-06-12T08:00:28.671586,Javier Baez,+550,+550,+550,NEW,0,1,none
2025-06-12T08:00:28.671586,Kyle Tucker,+550,+550,+550,NEW,0,1,none
2025-06-12T08:00:28.671586,Josh Bell,+550,+550,+550,NEW,0,1,none
2025-06-12T08:00:28.671586,Brenton Doyle,+550,+500,+500,NEW,0,2,bullish
2025-06-12T08:00:28.671586,Ryan Jeffers,+550,+550,+550,NEW,0,1,none
2025-06-12T08:00:28.671586,Jung Hoo Lee,+550,+550,+550,NEW,0,1,none
2025-06-12T08:00:28.671586,Jordan Westburg,+550,+500,+500,NEW,0,2,bullish
2025-06-12T08:00:28.671586,Victor Caratini,+550,+700,+700,NEW,0,2,bearish
2025-06-12T08:00:28.671586,Carlos Correa,+550,+750,+750,NEW,0,2,bearish
2025-06-12T08:00:28.671586,Andrew McCutchen,+550,+550,+550,NEW,0,1,none
2025-06-12T08:00:28.671586,Ramon Laureano,+550,+500,+500,NEW,0,2,bullish
2025-06-12T08:00:28.671586,Paul Goldschmidt,+550,+425,+425,NEW,0,2,bullish
2025-06-12T08:00:28.671586,Brett Baty,+600,+550,+550,NEW,0,2,bullish
2025-06-12T08:00:28.671586,Thairo Estrada,+600,+650,+650,NEW,0,2,bearish
2025-06-12T08:00:28.671586,Jeff McNeil,+600,+450,+450,NEW,0,2,bullish
2025-06-12T08:00:28.671586,Luis Robert,+600,+400,+400,NEW,0,2,bullish
2025-06-12T08:00:28.671586,Dominic Smith,+600,+600,+600,NEW,0,1,none
2025-06-12T08:00:28.671586,Cody Bellinger,+600,+800,+800,NEW,0,2,bearish
2025-06-12T08:00:28.671586,Austin Wells,+600,+650,+650,NEW,0,2,bearish
2025-06-12T08:00:28.671586,Nathaniel Lowe,+600,+850,+850,NEW,0,2,bearish
2025-06-12T08:00:28.671586,Royce Lewis,+600,+600,+600,NEW,0,1,none
2025-06-12T08:00:28.671586,Adley Rutschman,+600,+390,+390,NEW,0,2,bullish
2025-06-12T08:00:28.671586,Jacob Melton,+600,+650,+650,NEW,0,2,bearish
2025-06-12T08:00:28.671586,Josh Smith,+600,+700,+700,NEW,0,2,bearish
2025-06-12T08:00:28.671586,Jose Altuve,+600,+600,+600,NEW,0,2,stable
2025-06-12T08:00:28.671586,Anthony Volpe,+600,+750,+750,NEW,0,2,bearish
2025-06-12T08:00:28.671586,Cam Smith,+650,+600,+600,NEW,0,2,bullish
2025-06-12T08:00:28.671586,Bryan Reynolds,+650,+650,+650,NEW,0,1,none
2025-06-12T08:00:28.671586,Ian Happ,+650,+650,+650,NEW,0,1,none
2025-06-12T08:00:28.671586,Braxton Fulford,+650,+650,+650,NEW,0,1,none
2025-06-12T08:00:28.671586,Dansby Swanson,+650,+650,+650,NEW,0,1,none
2025-06-12T08:00:28.671586,Trent Grisham,+650,+850,+850,NEW,0,2,bearish
2025-06-12T08:00:28.671586,Ryan O'Hearn,+650,+450,+450,NEW,0,2,bullish
2025-06-12T08:00:28.671586,Adolis Garcia,+650,+500,+500,NEW,0,2,bullish
2025-06-12T08:00:28.671586,Josh Jung,+650,+700,+700,NEW,0,2,bearish
2025-06-12T08:00:28.671586,Jackson Holliday,+650,+450,+450,NEW,0,2,bullish
2025-06-12T08:00:28.671586,Kyle Farmer,+700,+650,+650,NEW,0,2,bullish
2025-06-12T08:00:28.671586,Tyler Freeman,+700,+800,+800,NEW,0,2,bearish
2025-06-12T08:00:28.671586,Harrison Bader,+700,+700,+700,NEW,0,1,none
2025-06-12T08:00:28.671586,Carson Kelly,+700,+700,+700,NEW,0,1,none
2025-06-12T08:00:28.671586,Ty France,+700,+800,+800,NEW,0,2,bearish
2025-06-12T08:00:28.671586,Luis Garcia (WAS),+750,+1000,+1000,NEW,0,2,bearish
2025-06-12T08:00:28.671586,Ryan Ritter,+750,+750,+750,NEW,0,2,stable
2025-06-12T08:00:28.671586,Spencer Horwitz,+750,+750,+750,NEW,0,1,none
2025-06-12T08:00:28.671586,Vinnie Pasquantino,+750,+550,+550,NEW,0,2,bullish
2025-06-12T08:00:28.671586,Tim Elko,+750,+600,+600,NEW,0,2,bullish
2025-06-12T08:00:28.671586,Jonah Heim,+750,+850,+850,NEW,0,2,bearish
2025-06-12T08:00:28.671586,Pete Crow-Armstrong,+750,+750,+750,NEW,0,1,none
2025-06-12T08:00:28.671586,Coby Mayo,+750,+750,+750,NEW,0,1,none
2025-06-12T08:00:28.671586,Keibert Ruiz,+800,+800,+800,NEW,0,1,none
2025-06-12T08:00:28.671586,Miguel Vargas,+800,+390,+390,NEW,0,2,bullish
2025-06-12T08:00:28.671586,Henry Davis,+800,+800,+800,NEW,0,1,none
2025-06-12T08:00:28.671586,Jonathan India,+800,+650,+650,NEW,0,2,bullish
2025-06-12T08:00:28.671586,Austin Slater,+850,+850,+850,NEW,0,1,none
2025-06-12T08:00:28.671586,Brooks Lee,+850,+700,+700,NEW,0,2,bullish
2025-06-12T08:00:28.671586,Michael A. Taylor,+850,+850,+850,NEW,0,1,none
2025-06-12T08:00:28.671586,Dylan Carlson,+850,+850,+850,NEW,0,1,none
2025-06-12T08:00:28.671586,Robert Hassell,+900,+900,+900,NEW,0,1,none
2025-06-12T08:00:28.671586,Trevor Larnach,+900,+500,+500,NEW,0,2,bullish
2025-06-12T08:00:28.671586,Chase Meidroth,+950,+750,+750,NEW,0,2,bullish
2025-06-12T08:00:28.671586,Justin Turner,+1000,+1000,+1000,NEW,0,1,none
2025-06-12T08:00:28.671586,Nick Gonzales,+1000,+1000,+1000,NEW,0,1,none
2025-06-12T08:00:28.671586,Vinny Capra,+1000,+1000,+1000,NEW,0,1,none
2025-06-12T08:00:28.671586,Matt Shaw,+1000,+1000,+1000,NEW,0,1,none
2025-06-12T08:00:28.671586,Maikel Garcia,+1000,+750,+750,NEW,0,2,bullish
2025-06-12T08:00:28.671586,Jose Tena,+1000,+1000,+1000,NEW,0,1,none
2025-06-12T08:00:28.671586,Jac Caglianone,+1100,+800,+800,NEW,0,2,bullish
2025-06-12T08:00:28.671586,Andrew Benintendi,+1100,+600,+600,NEW,0,2,bullish
2025-06-12T08:00:28.671586,Edgar Quero,+1100,+1100,+1100,NEW,0,1,none
2025-06-12T08:00:28.671586,DJ LeMahieu,+1100,+1000,+1000,NEW,0,2,bullish
2025-06-12T08:00:28.671586,Jonah Bride,+1100,+1100,+1100,NEW,0,1,none
2025-06-12T08:00:28.671586,Ke'Bryan Hayes,+1300,+1300,+1300,NEW,0,1,none
2025-06-12T08:00:28.671586,John Rave,+1300,+1100,+1100,NEW,0,2,bullish
2025-06-12T08:00:28.671586,Jacob Young,+1400,+1300,+1300,NEW,0,2,bullish
2025-06-12T08:00:28.671586,Drew Waters,+1400,+1100,+1100,NEW,0,2,bullish
2025-06-12T08:00:28.671586,Nico Hoerner,+1600,+1600,+1600,NEW,0,1,none
2025-06-12T08:00:28.671586,Adam Frazier,+1600,+1600,+1600,NEW,0,1,none
2025-06-12T08:00:28.671586,Isiah Kiner-Falefa,+1900,+1900,+1900,NEW,0,1,none
2025-06-12T08:00:28.671586,Kyle Isbel,+2000,+1500,+1500,NEW,0,2,bullish
2025-06-13T08:32:05.434562,Matt Olson,+180,+180,+180,NEW,0,1,none
2025-06-13T08:32:05.434562,Shohei Ohtani,+210,+210,+210,NEW,0,1,none
2025-06-13T08:32:05.434562,Aaron Judge,+220,+220,+220,NEW,0,1,none
2025-06-13T08:32:05.434562,Austin Riley,+270,+270,+270,NEW,0,1,none
2025-06-13T08:32:05.434562,Ronald Acuna Jr.,+270,+270,+270,NEW,0,1,none
2025-06-13T08:32:05.434562,Marcell Ozuna,+280,+280,+280,NEW,0,1,none
2025-06-13T08:32:05.434562,Byron Buxton,+285,+285,+285,NEW,0,1,none
2025-06-13T08:32:05.434562,Kyle Schwarber,+290,+290,+290,NEW,0,1,none
2025-06-13T08:32:05.434562,Christian Walker,+310,+310,+310,NEW,0,1,none
2025-06-13T08:32:05.434562,Gunnar Henderson,+310,+310,+310,NEW,0,1,none
2025-06-13T08:32:05.434562,Pete Alonso,+310,+310,+310,NEW,0,1,none
2025-06-13T08:32:05.434562,Corey Seager,+320,+320,+320,NEW,0,1,none
2025-06-13T08:32:05.434562,Cal Raleigh,+340,+340,+340,NEW,0,1,none
2025-06-13T08:32:05.434562,James Wood,+350,+350,+350,NEW,0,1,none
2025-06-13T08:32:05.434562,Agustin Ramirez,+350,+350,+350,NEW,0,1,none
2025-06-13T08:32:05.434562,Brent Rooker,+370,+370,+370,NEW,0,1,none
2025-06-13T08:32:05.434562,Carlos Correa,+380,+380,+380,NEW,0,1,none
2025-06-13T08:32:05.434562,Mike Trout,+380,+380,+380,NEW,0,1,none
2025-06-13T08:32:05.434562,Corbin Carroll,+390,+390,+390,NEW,0,1,none
2025-06-13T08:32:05.434562,Josh Bell,+390,+390,+390,NEW,0,1,none
2025-06-13T08:32:05.434562,Jackson Merrill,+400,+400,+400,NEW,0,1,none
2025-06-13T08:32:05.434562,Manny Machado,+400,+400,+400,NEW,0,1,none
2025-06-13T08:32:05.434562,Paul Goldschmidt,+400,+400,+400,NEW,0,1,none
2025-06-13T08:32:05.434562,Jake Burger,+400,+400,+400,NEW,0,1,none
2025-06-13T08:32:05.434562,Ryan Jeffers,+400,+400,+400,NEW,0,1,none
2025-06-13T08:32:05.434562,Oneil Cruz,+425,+425,+425,NEW,0,1,none
2025-06-13T08:32:05.434562,Wyatt Langford,+425,+425,+425,NEW,0,1,none
2025-06-13T08:32:05.434562,Jorge Polanco,+425,+425,+425,NEW,0,1,none
2025-06-13T08:32:05.434562,Drake Baldwin,+425,+425,+425,NEW,0,1,none
2025-06-13T08:32:05.434562,Connor Norby,+425,+425,+425,NEW,0,1,none
2025-06-13T08:32:05.434562,Max Muncy (LAD),+425,+425,+425,NEW,0,1,none
2025-06-13T08:32:05.434562,Kerry Carpenter,+425,+425,+425,NEW,0,1,none
2025-06-13T08:32:05.434562,Kyle Tucker,+425,+425,+425,NEW,0,1,none
2025-06-13T08:32:05.434562,CJ Abrams,+425,+425,+425,NEW,0,1,none
2025-06-13T08:32:05.434562,Seiya Suzuki,+425,+425,+425,NEW,0,1,none
2025-06-13T08:32:05.434562,Dominic Canzone,+425,+425,+425,NEW,0,1,none
2025-06-13T08:32:05.434562,Colton Cowser,+425,+425,+425,NEW,0,1,none
2025-06-13T08:32:05.434562,Pete Crow-Armstrong,+450,+450,+450,NEW,0,1,none
2025-06-13T08:32:05.434562,Rhys Hoskins,+450,+450,+450,NEW,0,1,none
2025-06-13T08:32:05.434562,Eric Wagaman,+450,+450,+450,NEW,0,1,none
2025-06-13T08:32:05.434562,Rafael Devers,+450,+450,+450,NEW,0,1,none
2025-06-13T08:32:05.434562,Heriberto Hernandez,+450,+450,+450,NEW,0,1,none
2025-06-13T08:32:05.434562,Max Kepler,+450,+450,+450,NEW,0,1,none
2025-06-13T08:32:05.434562,Freddie Freeman,+450,+450,+450,NEW,0,1,none
2025-06-13T08:32:05.434562,Nick Castellanos,+475,+475,+475,NEW,0,1,none
2025-06-13T08:32:05.434562,Adley Rutschman,+475,+475,+475,NEW,0,1,none
2025-06-13T08:32:05.434562,Ozzie Albies,+475,+475,+475,NEW,0,1,none
2025-06-13T08:32:05.434562,Juan Soto,+475,+475,+475,NEW,0,1,none
2025-06-13T08:32:05.434562,Spencer Torkelson,+475,+475,+475,NEW,0,1,none
2025-06-13T08:32:05.434562,Brandon Nimmo,+475,+475,+475,NEW,0,1,none
2025-06-13T08:32:05.434562,Cedric Mullins,+475,+475,+475,NEW,0,1,none
2025-06-13T08:32:05.434562,Ryan McMahon,+475,+475,+475,NEW,0,1,none
2025-06-13T08:32:05.434562,Bryan Reynolds,+475,+475,+475,NEW,0,1,none
2025-06-13T08:32:05.434562,Heliot Ramos,+475,+475,+475,NEW,0,1,none
2025-06-13T08:32:05.434562,William Contreras,+475,+475,+475,NEW,0,1,none
2025-06-13T08:32:05.434562,Trea Turner,+500,+500,+500,NEW,0,1,none
2025-06-13T08:32:05.434562,Willson Contreras,+500,+500,+500,NEW,0,1,none
2025-06-13T08:32:05.434562,Carlos Narvaez,+500,+500,+500,NEW,0,1,none
2025-06-13T08:32:05.434562,Ty France,+500,+500,+500,NEW,0,1,none
2025-06-13T08:32:05.434562,Michael Busch,+500,+500,+500,NEW,0,1,none
2025-06-13T08:32:05.434562,Eli White,+500,+500,+500,NEW,0,1,none
2025-06-13T08:32:05.434562,Andy Pages,+500,+500,+500,NEW,0,1,none
2025-06-13T08:32:05.434562,Lars Nootbaar,+500,+500,+500,NEW,0,1,none
2025-06-13T08:32:05.434562,Eugenio Suarez,+500,+500,+500,NEW,0,1,none
2025-06-13T08:32:05.434562,Michael Harris,+500,+500,+500,NEW,0,1,none
2025-06-13T08:32:05.434562,Fernando Tatis Jr.,+500,+500,+500,NEW,0,1,none
2025-06-13T08:32:05.434562,Julio Rodriguez,+500,+500,+500,NEW,0,1,none
2025-06-13T08:32:05.434562,Hunter Goodman,+500,+500,+500,NEW,0,1,none
2025-06-13T08:32:05.434562,Randy Arozarena,+500,+500,+500,NEW,0,1,none
2025-06-13T08:32:05.434562,Sam Hilliard,+500,+500,+500,NEW,0,1,none
2025-06-13T08:32:05.434562,Dane Myers,+500,+500,+500,NEW,0,1,none
2025-06-13T08:32:05.434562,Junior Caminero,+500,+500,+500,NEW,0,1,none
2025-06-13T08:32:05.434562,Tyler Soderstrom,+500,+500,+500,NEW,0,1,none
2025-06-13T08:32:05.434562,Christian Yelich,+500,+500,+500,NEW,0,1,none
2025-06-13T08:32:05.434562,Yainer Diaz,+500,+500,+500,NEW,0,1,none
2025-06-13T08:32:05.434562,Lawrence Butler,+500,+500,+500,NEW,0,1,none
2025-06-13T08:32:05.434562,Mickey Moniak,+500,+500,+500,NEW,0,1,none
2025-06-13T08:32:05.434562,Taylor Ward,+500,+500,+500,NEW,0,1,none
2025-06-13T08:32:05.434562,Francisco Lindor,+500,+500,+500,NEW,0,1,none
2025-06-13T08:32:05.434562,Bobby Witt Jr.,+500,+500,+500,NEW,0,1,none
2025-06-13T08:32:05.434562,Jackson Holliday,+500,+500,+500,NEW,0,1,none
2025-06-13T08:32:05.434562,George Springer,+550,+550,+550,NEW,0,1,none
2025-06-13T08:32:05.434562,Michael Conforto,+550,+550,+550,NEW,0,1,none
2025-06-13T08:32:05.434562,Harrison Bader,+550,+550,+550,NEW,0,1,none
2025-06-13T08:32:05.434562,Marcus Semien,+550,+550,+550,NEW,0,1,none
2025-06-13T08:32:05.434562,Royce Lewis,+550,+550,+550,NEW,0,1,none
2025-06-13T08:32:05.434562,Ketel Marte,+550,+550,+550,NEW,0,1,none
2025-06-13T08:32:05.434562,Romy Gonzalez,+550,+550,+550,NEW,0,1,none
2025-06-13T08:32:05.434562,J.P. Crawford,+550,+550,+550,NEW,0,1,none
2025-06-13T08:32:05.434562,Dansby Swanson,+550,+550,+550,NEW,0,1,none
2025-06-13T08:32:05.434562,Trevor Story,+550,+550,+550,NEW,0,1,none
2025-06-13T08:32:05.434562,Rob Refsnyder,+550,+550,+550,NEW,0,1,none
2025-06-13T08:32:05.434562,Riley Greene,+550,+550,+550,NEW,0,1,none
2025-06-13T08:32:05.434562,Ian Happ,+550,+550,+550,NEW,0,1,none
2025-06-13T08:32:05.434562,Nathaniel Lowe,+550,+550,+550,NEW,0,1,none
2025-06-13T08:32:05.434562,Willy Adames,+550,+550,+550,NEW,0,1,none
2025-06-13T08:32:05.434562,Cody Bellinger,+550,+550,+550,NEW,0,1,none
2025-06-13T08:32:05.434562,J.T. Realmuto,+550,+550,+550,NEW,0,1,none
2025-06-13T08:32:05.434562,Rowdy Tellez,+550,+550,+550,NEW,0,1,none
2025-06-13T08:32:05.434562,Andrew McCutchen,+550,+550,+550,NEW,0,1,none
2025-06-13T08:32:05.434562,Ryan O'Hearn,+550,+550,+550,NEW,0,1,none
2025-06-13T08:32:05.434562,Mookie Betts,+600,+600,+600,NEW,0,1,none
2025-06-13T08:32:05.434562,Nolan Gorman,+600,+600,+600,NEW,0,1,none
2025-06-13T08:32:05.434562,Jacob Melton,+600,+600,+600,NEW,0,1,none
2025-06-13T08:32:05.434562,Alec Burleson,+600,+600,+600,NEW,0,1,none
2025-06-13T08:32:05.434562,Brandon Lowe,+600,+600,+600,NEW,0,1,none
2025-06-13T08:32:05.434562,Zach Neto,+600,+600,+600,NEW,0,1,none
2025-06-13T08:32:05.434562,Jo Adell,+600,+600,+600,NEW,0,1,none
2025-06-13T08:32:05.434562,Jordan Westburg,+600,+600,+600,NEW,0,1,none
2025-06-13T08:32:05.434562,Adolis Garcia,+600,+600,+600,NEW,0,1,none
2025-06-13T08:32:05.434562,Logan O'Hoppe,+600,+600,+600,NEW,0,1,none
2025-06-13T08:32:05.434562,Brandon Marsh,+600,+600,+600,NEW,0,1,none
2025-06-13T08:32:05.434562,Trent Grisham,+600,+600,+600,NEW,0,1,none
2025-06-13T08:32:05.434562,Bo Bichette,+600,+600,+600,NEW,0,1,none
2025-06-13T08:32:05.434562,Roman Anthony,+600,+600,+600,NEW,0,1,none
2025-06-13T08:32:05.434562,Vladimir Guerrero Jr.,+600,+600,+600,NEW,0,1,none
2025-06-13T08:32:05.434562,Jordan Beck,+600,+600,+600,NEW,0,1,none
2025-06-13T08:32:05.434562,Victor Caratini,+600,+600,+600,NEW,0,1,none
2025-06-13T08:32:05.434562,Ivan Herrera,+600,+600,+600,NEW,0,1,none
2025-06-13T08:32:05.434562,Thairo Estrada,+600,+600,+600,NEW,0,1,none
2025-06-13T08:32:05.434562,Jarren Duran,+600,+600,+600,NEW,0,1,none
2025-06-13T08:32:05.434562,Jackson Chourio,+600,+600,+600,NEW,0,1,none
2025-06-13T08:32:05.434562,Teoscar Hernandez,+600,+600,+600,NEW,0,1,none
2025-06-13T08:32:05.434562,Salvador Perez,+600,+600,+600,NEW,0,1,none
2025-06-13T08:32:05.434562,Henry Davis,+600,+600,+600,NEW,0,1,none
2025-06-13T08:32:05.434562,Jeremy Pena,+600,+600,+600,NEW,0,1,none
2025-06-13T08:32:05.434562,Masyn Winn,+650,+650,+650,NEW,0,1,none
2025-06-13T08:32:05.434562,Josh Smith,+650,+650,+650,NEW,0,1,none
2025-06-13T08:32:05.434562,Jonathan Aranda,+650,+650,+650,NEW,0,1,none
2025-06-13T08:32:05.434562,Evan Carter,+650,+650,+650,NEW,0,1,none
2025-06-13T08:32:05.434562,Austin Wells,+650,+650,+650,NEW,0,1,none
2025-06-13T08:32:05.434562,Robert Hassell,+650,+650,+650,NEW,0,1,none
2025-06-13T08:32:05.434562,Brenton Doyle,+650,+650,+650,NEW,0,1,none
2025-06-13T08:32:05.434562,Jazz Chisholm,+650,+650,+650,NEW,0,1,none
2025-06-13T08:32:05.434562,Parker Meadows,+650,+650,+650,NEW,0,1,none
2025-06-13T08:32:05.434562,Alec Bohm,+650,+650,+650,NEW,0,1,none
2025-06-13T08:32:05.434562,Nick Fortes,+650,+650,+650,NEW,0,1,none
2025-06-13T08:32:05.434562,Casey Schmitt,+650,+650,+650,NEW,0,1,none
2025-06-13T08:32:05.434562,Gavin Sheets,+650,+650,+650,NEW,0,1,none
2025-06-13T08:32:05.434562,Will Smith (LAD),+650,+650,+650,NEW,0,1,none
2025-06-13T08:32:05.434562,Otto Lopez,+650,+650,+650,NEW,0,1,none
2025-06-13T08:32:05.434562,Josh Jung,+700,+700,+700,NEW,0,1,none
2025-06-13T08:32:05.434562,Cam Smith,+700,+700,+700,NEW,0,1,none
2025-06-13T08:32:05.434562,Nick Kurtz,+700,+700,+700,NEW,0,1,none
2025-06-13T08:32:05.434562,Kristian Campbell,+700,+700,+700,NEW,0,1,none
2025-06-13T08:32:05.434562,Cole Young,+700,+700,+700,NEW,0,1,none
2025-06-13T08:32:05.434562,Jake Cronenworth,+700,+700,+700,NEW,0,1,none
2025-06-13T08:32:05.434562,Davis Schneider,+700,+700,+700,NEW,0,1,none
2025-06-13T08:32:05.434562,Jasson Dominguez,+700,+700,+700,NEW,0,1,none
2025-06-13T08:32:05.434562,Abraham Toro,+700,+700,+700,NEW,0,1,none
2025-06-13T08:32:05.434562,Mike Yastrzemski,+700,+700,+700,NEW,0,1,none
2025-06-13T08:32:05.434562,Vinnie Pasquantino,+700,+700,+700,NEW,0,1,none
2025-06-13T08:32:05.434562,Josh Naylor,+700,+700,+700,NEW,0,1,none
2025-06-13T08:32:05.434562,Josh Lowe,+700,+700,+700,NEW,0,1,none
2025-06-13T08:32:05.434562,Nolan Arenado,+700,+700,+700,NEW,0,1,none
2025-06-13T08:32:05.434562,Dillon Dingler,+700,+700,+700,NEW,0,1,none
2025-06-13T08:32:05.434562,Jorge Soler,+700,+700,+700,NEW,0,1,none
2025-06-13T08:32:05.434562,Ben Williamson,+750,+750,+750,NEW,0,1,none
2025-06-13T08:32:05.434562,Jonah Heim,+750,+750,+750,NEW,0,1,none
2025-06-13T08:32:05.434562,Alejandro Kirk,+750,+750,+750,NEW,0,1,none
2025-06-13T08:32:05.434562,Ryan Ritter,+750,+750,+750,NEW,0,1,none
2025-06-13T08:32:05.434562,Ramon Laureano,+750,+750,+750,NEW,0,1,none
2025-06-13T08:32:05.434562,Wilmer Flores (SF),+750,+750,+750,NEW,0,1,none
2025-06-13T08:32:05.434562,Willi Castro,+750,+750,+750,NEW,0,1,none
2025-06-13T08:32:05.434562,Tyler Fitzgerald,+750,+750,+750,NEW,0,1,none
2025-06-13T08:32:05.434562,Francisco Alvarez,+750,+750,+750,NEW,0,1,none
2025-06-13T08:32:05.434562,Jeff McNeil,+750,+750,+750,NEW,0,1,none
2025-06-13T08:32:05.434562,Carson Kelly,+750,+750,+750,NEW,0,1,none
2025-06-13T08:32:05.434562,Alex Call,+750,+750,+750,NEW,0,1,none
2025-06-13T08:32:05.434562,Spencer Horwitz,+750,+750,+750,NEW,0,1,none
2025-06-13T08:32:05.434562,Otto Kemp,+800,+800,+800,NEW,0,1,none
2025-06-13T08:32:05.434562,Yandy Diaz,+800,+800,+800,NEW,0,1,none
2025-06-13T08:32:05.434562,Yohel Pozo,+800,+800,+800,NEW,0,1,none
2025-06-13T08:32:05.434562,Jake Meyers,+800,+800,+800,NEW,0,1,none
2025-06-13T08:32:05.434562,Brooks Lee,+800,+800,+800,NEW,0,1,none
2025-06-13T08:32:05.434562,Anthony Volpe,+800,+800,+800,NEW,0,1,none
2025-06-13T08:32:05.434562,Nick Gonzales,+800,+800,+800,NEW,0,1,none
2025-06-13T08:32:05.434562,Luis Urias,+800,+800,+800,NEW,0,1,none
2025-06-13T08:32:05.434562,Jose Altuve,+800,+800,+800,NEW,0,1,none
2025-06-13T08:32:05.434562,Matt Shaw,+800,+800,+800,NEW,0,1,none
2025-06-13T08:32:05.434562,Andrew Knizner,+800,+800,+800,NEW,0,1,none
2025-06-13T08:32:05.434562,Keibert Ruiz,+800,+800,+800,NEW,0,1,none
2025-06-13T08:32:05.434562,Bryson Stott,+800,+800,+800,NEW,0,1,none
2025-06-13T08:32:05.434562,Nolan Schanuel,+850,+850,+850,NEW,0,1,none
2025-06-13T08:32:05.434562,Ronny Mauricio,+850,+850,+850,NEW,0,1,none
2025-06-13T08:32:05.434562,Jonathan India,+850,+850,+850,NEW,0,1,none
2025-06-13T08:32:05.434562,Lourdes Gurriel Jr.,+850,+850,+850,NEW,0,1,none
2025-06-13T08:32:05.434562,Jose Tena,+850,+850,+850,NEW,0,1,none
2025-06-13T08:32:05.434562,Max Muncy (ATH),+900,+900,+900,NEW,0,1,none
2025-06-13T08:32:05.434562,Jonah Bride,+900,+900,+900,NEW,0,1,none
2025-06-13T08:32:05.434562,Javier Baez,+900,+900,+900,NEW,0,1,none
2025-06-13T08:32:05.434562,Pavin Smith,+900,+900,+900,NEW,0,1,none
2025-06-13T08:32:05.434562,Ernie Clement,+900,+900,+900,NEW,0,1,none
2025-06-13T08:32:05.434562,Gleyber Torres,+900,+900,+900,NEW,0,1,none
2025-06-13T08:32:05.434562,Luis Garcia (WAS),+900,+900,+900,NEW,0,1,none
2025-06-13T08:32:05.434562,Isaac Collins,+900,+900,+900,NEW,0,1,none
2025-06-13T08:32:05.434562,Colt Keith,+900,+900,+900,NEW,0,1,none
2025-06-13T08:32:05.434562,Jung Hoo Lee,+900,+900,+900,NEW,0,1,none
2025-06-13T08:32:05.434562,DJ LeMahieu,+950,+950,+950,NEW,0,1,none
2025-06-13T08:32:05.434562,Xavier Edwards,+950,+950,+950,NEW,0,1,none
2025-06-13T08:32:05.434562,Ramon Urias,+950,+950,+950,NEW,0,1,none
2025-06-13T08:32:05.434562,Willie MacIver,+950,+950,+950,NEW,0,1,none
2025-06-13T08:32:05.434562,Brett Baty,+950,+950,+950,NEW,0,1,none
2025-06-13T08:32:05.434562,Javier Sanoja,+1000,+1000,+1000,NEW,0,1,none
2025-06-13T08:32:05.434562,Danny Jansen,+1000,+1000,+1000,NEW,0,1,none
2025-06-13T08:32:05.434562,Jac Caglianone,+1000,+1000,+1000,NEW,0,1,none
2025-06-13T08:32:05.434562,Tyler Freeman,+1000,+1000,+1000,NEW,0,1,none
2025-06-13T08:32:05.434562,Dominic Smith,+1000,+1000,+1000,NEW,0,1,none
2025-06-13T08:32:05.434562,Xander Bogaerts,+1000,+1000,+1000,NEW,0,1,none
2025-06-13T08:32:05.434562,Adam Frazier,+1000,+1000,+1000,NEW,0,1,none
2025-06-13T08:32:05.434562,Tyrone Taylor,+1000,+1000,+1000,NEW,0,1,none
2025-06-13T08:32:05.434562,Ke'Bryan Hayes,+1000,+1000,+1000,NEW,0,1,none
2025-06-13T08:32:05.434562,Caleb Durbin,+1100,+1100,+1100,NEW,0,1,none
2025-06-13T08:32:05.434562,Elias Diaz,+1100,+1100,+1100,NEW,0,1,none
2025-06-13T08:32:05.434562,Geraldo Perdomo,+1100,+1100,+1100,NEW,0,1,none
2025-06-13T08:32:05.434562,Sal Frelick,+1100,+1100,+1100,NEW,0,1,none
2025-06-13T08:32:05.434562,Kameron Misner,+1100,+1100,+1100,NEW,0,1,none
2025-06-13T08:32:05.434562,Zach McKinstry,+1100,+1100,+1100,NEW,0,1,none
2025-06-13T08:32:05.434562,Brice Turang,+1100,+1100,+1100,NEW,0,1,none
2025-06-13T08:32:05.434562,Luis Rengifo,+1100,+1100,+1100,NEW,0,1,none
2025-06-13T08:32:05.434562,Denzel Clarke,+1100,+1100,+1100,NEW,0,1,none
2025-06-13T08:32:05.434562,Jonatan Clase,+1200,+1200,+1200,NEW,0,1,none
2025-06-13T08:32:05.434562,Gabriel Moreno,+1200,+1200,+1200,NEW,0,1,none
2025-06-13T08:32:05.434562,Alek Thomas,+1200,+1200,+1200,NEW,0,1,none
2025-06-13T08:32:05.434562,Maikel Garcia,+1200,+1200,+1200,NEW,0,1,none
2025-06-13T08:32:05.434562,Nick Allen,+1200,+1200,+1200,NEW,0,1,none
2025-06-13T08:32:05.434562,Isiah Kiner-Falefa,+1200,+1200,+1200,NEW,0,1,none
2025-06-13T08:32:05.434562,Nico Hoerner,+1200,+1200,+1200,NEW,0,1,none
2025-06-13T08:32:05.434562,Max Schuemann,+1300,+1300,+1300,NEW,0,1,none
2025-06-13T08:32:05.434562,Andres Gimenez,+1300,+1300,+1300,NEW,0,1,none
2025-06-13T08:32:05.434562,Luis Arraez,+1300,+1300,+1300,NEW,0,1,none
2025-06-13T08:32:05.434562,Drew Waters,+1300,+1300,+1300,NEW,0,1,none
2025-06-13T08:32:05.434562,Hyeseong Kim,+1300,+1300,+1300,NEW,0,1,none
2025-06-13T08:32:05.434562,Joey Ortiz,+1300,+1300,+1300,NEW,0,1,none
2025-06-13T08:32:05.434562,Scott Kingery,+1400,+1400,+1400,NEW,0,1,none
2025-06-13T08:32:05.434562,Mauricio Dubon,+1500,+1500,+1500,NEW,0,1,none
2025-06-13T08:32:05.434562,Taylor Walls,+1600,+1600,+1600,NEW,0,1,none
2025-06-13T08:32:05.434562,Victor Scott II,+1600,+1600,+1600,NEW,0,1,none
2025-06-13T08:32:05.434562,Jake Mangum,+1900,+1900,+1900,NEW,0,1,none
2025-06-13T08:32:05.434562,Kyle Isbel,+1900,+1900,+1900,NEW,0,1,none
2025-06-13T08:32:05.434562,Myles Straw,+3000,+3000,+3000,NEW,0,1,none
2025-06-13T08:32:05.434562,Tyler Wade,+4500,+4500,+4500,NEW,0,1,none
